id	item_group_id	title	description	link	image_link	additional_image_link	price	sale_price	availability	condition	brand	product_type	google_product_category
21718	6abb1283ee59385010a41d37	Ethnicraft Black Dots Kilim Rug, 67 x 94.5 in	Black Dots Kilim Rug by Ethnicraft, the Belgian design house. Ships across Canada and the US with tracking.	https://www.esotico.ca/shop/p/black-dots-kilim-rug	https://images.squarespace-cdn.com/content/v1/6abad52803349b0b45a823de/1790644870223-JXHQIIGUPDWOQMV2I2D0/10121718_front_mediacontainer_wf_product.jpg?format=1500w	https://images.squarespace-cdn.com/content/v1/6abad52803349b0b45a823de/1790644871640-Q9GFJKKWRQ4SMRDLCHKF/Ethnicraft_2_21718_Black_Dots_kilim_rug_det3_web.jpg?format=1500w,https://images.squarespace-cdn.com/content/v1/6abad52803349b0b45a823de/1790644872721-MZSRI6V2CS50L8GP9DRW/Ethnicraft_4_21718_Black_Dots_kilim_rug_det3_web.jpg?format=1500w,https://images.squarespace-cdn.com/content/v1/6abad52803349b0b45a823de/1790644874201-XQANR8CEMR3FLF104CY1/Ethnicraft_5_21718_Black_Dots_kilim_rug_det3_web.jpg?format=1500w	1578.00 CAD		out of stock	new	Ethnicraft	Home > Home Décor	Home & Garden > Decor > Rugs
21719	6abb1283ee59385010a41d37	Ethnicraft Black Dots Kilim Rug, 79 x 118.5 in	Black Dots Kilim Rug by Ethnicraft, the Belgian design house. Ships across Canada and the US with tracking.	https://www.esotico.ca/shop/p/black-dots-kilim-rug	https://images.squarespace-cdn.com/content/v1/6abad52803349b0b45a823de/1790644870223-JXHQIIGUPDWOQMV2I2D0/10121718_front_mediacontainer_wf_product.jpg?format=1500w	https://images.squarespace-cdn.com/content/v1/6abad52803349b0b45a823de/1790644871640-Q9GFJKKWRQ4SMRDLCHKF/Ethnicraft_2_21718_Black_Dots_kilim_rug_det3_web.jpg?format=1500w,https://images.squarespace-cdn.com/content/v1/6abad52803349b0b45a823de/1790644872721-MZSRI6V2CS50L8GP9DRW/Ethnicraft_4_21718_Black_Dots_kilim_rug_det3_web.jpg?format=1500w,https://images.squarespace-cdn.com/content/v1/6abad52803349b0b45a823de/1790644874201-XQANR8CEMR3FLF104CY1/Ethnicraft_5_21718_Black_Dots_kilim_rug_det3_web.jpg?format=1500w	2315.00 CAD		out of stock	new	Ethnicraft	Home > Home Décor	Home & Garden > Decor > Rugs
21036	6abb127ad06c654358468ff3	Ethnicraft Avana Chevron Cushion – Square	Woven chevron cushion by Ethnicraft with a duck feather insert, 50 x 50 cm (20 x 20 in). Ships across Canada and the US with tracking.	https://www.esotico.ca/shop/p/avana-chevron-cushion-square	https://images.squarespace-cdn.com/content/v1/6abad52803349b0b45a823de/1790644861364-9VOVW1BN2SL0VYKGYTUX/Ethnicraft_Ava_Chevron_Cushion_1.jpg?format=1500w	https://images.squarespace-cdn.com/content/v1/6abad52803349b0b45a823de/1790644862888-8R3YGBJ2P5YBR94EM09B/21036AvanaChevroncushion_21038AvanaChevroncushion_20233N701sofa2seaterdarkgrey.jpg?format=1500w,https://images.squarespace-cdn.com/content/v1/6abad52803349b0b45a823de/1790644864062-SVA6GQ45KT3G67LSRYXB/21036AvanaChevroncushion_21038AvanaChevroncushion_det.jpg?format=1500w,https://images.squarespace-cdn.com/content/v1/6abad52803349b0b45a823de/1790644865398-8A2GCNBH35ZACNMM6DLP/21036AvanaChevroncushion_21038AvanaChevroncushion_full.jpg?format=1500w,https://images.squarespace-cdn.com/content/v1/6abad52803349b0b45a823de/1790644866634-HTO5AUOMX1XNL6WSFQ5M/cushions_and_throws_detail_v.jpg?format=1500w	161.00 CAD		in stock	new	Ethnicraft	Home > Home Décor	Home & Garden > Decor > Throw Pillows
21034	6abb1272cee48d5ed3f03c06	Ethnicraft Urban Cushion – Square	Woven jacquard square cushion by Ethnicraft with a duck feather insert, 50 x 50 cm (20 x 20 in). Ships across Canada and the US with tracking.	https://www.esotico.ca/shop/p/urban-cushion-square	https://images.squarespace-cdn.com/content/v1/6abad52803349b0b45a823de/1790644853065-5CAM0R1FBEUTILUMHW85/Ethnicraft_Urban_Cushion_1.jpg?format=1500w	https://images.squarespace-cdn.com/content/v1/6abad52803349b0b45a823de/1790644854158-QOJJQGXU0VPZR3E1BEC3/Ethnicraft_Urban_Cushion_2.jpg?format=1500w,https://images.squarespace-cdn.com/content/v1/6abad52803349b0b45a823de/1790644855315-Y7CU5IV4839DP35FU6GX/21035Urbancushion_21034Urbancushion_21047Urbanthrow_53040OakOssoblackstool.jpg?format=1500w,https://images.squarespace-cdn.com/content/v1/6abad52803349b0b45a823de/1790644856392-E18NJ99BMX3DP4ENJ6IV/21035Urbancushion_21034Urbancushion_21047Urbanthrow_20233N701sofa2seaterdarkgrey.jpg?format=1500w,https://images.squarespace-cdn.com/content/v1/6abad52803349b0b45a823de/1790644857509-2023XYEH6694LC4VP15T/21035Urbancushion_21034Urbancushion_21047Urbanthrow_v.jpg?format=1500w	142.00 CAD		in stock	new	Ethnicraft	Home > Home Décor	Home & Garden > Decor > Throw Pillows
21035	6abb1268ee59385010a41d1d	Ethnicraft Urban Cushion – Lumbar	Woven jacquard lumbar cushion by Ethnicraft with a duck feather insert, 60 x 40 cm (24 x 16 in). Ships across Canada and the US with tracking.	https://www.esotico.ca/shop/p/urban-cushion-lumbar	https://images.squarespace-cdn.com/content/v1/6abad52803349b0b45a823de/1790644844033-UJKE65T8XLPFP7S0OYZL/Ethnicraft_Urban_Cushion_L_1.jpg?format=1500w	https://images.squarespace-cdn.com/content/v1/6abad52803349b0b45a823de/1790644845571-IIM4IVGQ6KM3QC6QVVPF/Ethnicraft_Urban_Cushion_L_2.jpg?format=1500w,https://images.squarespace-cdn.com/content/v1/6abad52803349b0b45a823de/1790644846968-ICF7PXDOAS9XOBOR3QNT/21035Urbancushion_21034Urbancushion_21047Urbanthrow_53040OakOssoblackstool_b11109d4-7549-4145-bb48-cfca2e119c48.jpg?format=1500w,https://images.squarespace-cdn.com/content/v1/6abad52803349b0b45a823de/1790644848120-V2P536FY6ENZDQNOQWOJ/21035Urbancushion_21034Urbancushion_21047Urbanthrow_20233N701sofa2seaterdarkgrey_024cdf2d-8e61-4711-8060-305c4b85ed5c.jpg?format=1500w,https://images.squarespace-cdn.com/content/v1/6abad52803349b0b45a823de/1790644849321-H8PJSMHTTNDJI1OOJN0O/21035Urbancushion_21034Urbancushion_21047Urbanthrow_v_c6bca821-1c4b-4fef-bc20-a7c0f7fa86ec.jpg?format=1500w	142.00 CAD		in stock	new	Ethnicraft	Home > Home Décor	Home & Garden > Decor > Throw Pillows
21039	6abb1260f1bc361a7cabf9d6	Ethnicraft Nero Chevron Cushion – Lumbar	Black and cream chevron lumbar cushion by Ethnicraft, duck feather insert, 60 x 40 cm (24 x 16 in). Ships across Canada and the US.	https://www.esotico.ca/shop/p/nero-chevron-cushion-lumbar	https://images.squarespace-cdn.com/content/v1/6abad52803349b0b45a823de/1790644835020-RIWT986XMKL7Z6QKPTGN/Ethnicraft_Nero_Chevron_Cushion_L_1.jpg?format=1500w	https://images.squarespace-cdn.com/content/v1/6abad52803349b0b45a823de/1790644836446-AD9B535PPY5T2768ZNUT/21039NeroChevroncushion_21044SilverNomadcushion_8c23a231-241c-4b89-94b2-201914fdbbea.jpg?format=1500w,https://images.squarespace-cdn.com/content/v1/6abad52803349b0b45a823de/1790644837700-PUWSYKBO2OHC0DKZTI8E/21037NeroChevroncushion_21039NeroChevroncushion_21044SilverNomadcushion_l_ac79bb30-d73a-4316-a9ff-d68e6ecda929.jpg?format=1500w,https://images.squarespace-cdn.com/content/v1/6abad52803349b0b45a823de/1790644838828-NI5Q43OGMW8PL2SCP8XX/21037NeroChevroncushion_21039NeroChevroncushion_21044SilverNomadcushion_20083N7001sofa2seaterbeige_54b62b40-f070-4589-b91d-3afbe6fa699f.jpg?format=1500w,https://images.squarespace-cdn.com/content/v1/6abad52803349b0b45a823de/1790644840151-TZP58J6K2GZPAOSI2YBN/Ethnicraft_Nero_Chevron_Cushion_L_2.jpg?format=1500w	176.00 CAD		in stock	new	Ethnicraft	Home > Home Décor	Home & Garden > Decor > Throw Pillows
21037	6abb1256ee59385010a41d0f	Ethnicraft Nero Chevron Cushion – Square	Woven black and cream chevron cushion by Ethnicraft with a duck feather insert, 50 x 50 cm (20 x 20 in). Ships across Canada and the US with tracking.	https://www.esotico.ca/shop/p/nero-chevron-cushion-square	https://images.squarespace-cdn.com/content/v1/6abad52803349b0b45a823de/1790644825767-QA2GZLNOKQ9QSMT0T1FN/Ethnicraft_Nero_Chevron_Cushion_1.jpg?format=1500w	https://images.squarespace-cdn.com/content/v1/6abad52803349b0b45a823de/1790644827130-PINA8HALJCR3OBGE8QFM/Ethnicraft_Nero_Chevron_Cushion_2.jpg?format=1500w,https://images.squarespace-cdn.com/content/v1/6abad52803349b0b45a823de/1790644828181-EFW56JN27VESGTJUNCL6/21037NeroChevroncushion_21039NeroChevroncushion_21044SilverNomadcushion_20083N7001sofa2seaterbeige.jpg?format=1500w,https://images.squarespace-cdn.com/content/v1/6abad52803349b0b45a823de/1790644829257-ZOBYZAG8Y3NH47IU4RPU/21037NeroChevroncushion_21039NeroChevroncushion_21044SilverNomadcushion_l.jpg?format=1500w,https://images.squarespace-cdn.com/content/v1/6abad52803349b0b45a823de/1790644830956-VTK93DCJZUEEAJV82O5H/21039NeroChevroncushion_21044SilverNomadcushion.jpg?format=1500w	161.00 CAD		in stock	new	Ethnicraft	Home > Home Décor	Home & Garden > Decor > Throw Pillows
21071	6abb124ed06c654358468fd0	Ethnicraft Tulum Cushion – Square	Linen blend cushion from Ethnicraft's Mystic Ink collection, deep blue and chocolate, 46 x 46 cm (18 in). Ships across Canada and the US.	https://www.esotico.ca/shop/p/tulum-cushion-square	https://images.squarespace-cdn.com/content/v1/6abad52803349b0b45a823de/1790644816886-8ACH7XUU421ENHT1MZ9V/EthnicraftTulumCushion_1.jpg?format=1500w	https://images.squarespace-cdn.com/content/v1/6abad52803349b0b45a823de/1790644818336-7CSK80BDJOTDA35K9L20/EthnicraftTulumCushion_3.jpg?format=1500w,https://images.squarespace-cdn.com/content/v1/6abad52803349b0b45a823de/1790644819667-TFS766UK34Z0DBADE2AD/EthnicraftTulumCushion_4.jpg?format=1500w,https://images.squarespace-cdn.com/content/v1/6abad52803349b0b45a823de/1790644820865-LDP4UKNQGCAUX5HEGVMY/EthnicraftTulumCushion_5.jpg?format=1500w,https://images.squarespace-cdn.com/content/v1/6abad52803349b0b45a823de/1790644822058-JEVLE5M261030XG7W7WL/EthnicraftTulumCushion_6.jpg?format=1500w	211.00 CAD		in stock	new	Ethnicraft	Home > Home Décor	Home & Garden > Decor > Throw Pillows
21070	6abb1244f1bc361a7cabf9c6	Ethnicraft Dark Tulum Cushion – Lumbar	Linen blend lumbar cushion from Ethnicraft's Mystic Ink collection, 60 x 40 cm (24 x 16 in), duck feather insert. Ships across Canada and the US.	https://www.esotico.ca/shop/p/dark-tulum-cushion-lumbar	https://images.squarespace-cdn.com/content/v1/6abad52803349b0b45a823de/1790644807764-E5DRV8UQHQP9B778GDWX/Ethnicraft_Dark_Tulum_Cushion_1.jpg?format=1500w	https://images.squarespace-cdn.com/content/v1/6abad52803349b0b45a823de/1790644809113-F5KOJ2H0P0F6GAVG5S75/EthnicraftTulumCushion_4_f3b1ef6f-7b5d-4afe-a4c5-fe2820120106.jpg?format=1500w,https://images.squarespace-cdn.com/content/v1/6abad52803349b0b45a823de/1790644810584-H4JIJ9I6D660IUEI6ONN/Ethnicraft_Dark_Tulum_Cushion_3.jpg?format=1500w,https://images.squarespace-cdn.com/content/v1/6abad52803349b0b45a823de/1790644811914-9EICW6SIB9NZ8HXJ0MFJ/EthnicraftTulumCushion_5_fbabed72-d168-489d-960f-444a25f03abb.jpg?format=1500w,https://images.squarespace-cdn.com/content/v1/6abad52803349b0b45a823de/1790644813136-WYXGW12RVV9NWQS4IFS7/EthnicraftTulumCushion_6_72651ab3-48d4-4c23-8c53-19157ca34272.jpg?format=1500w	189.00 CAD		in stock	new	Ethnicraft	Home > Home Décor	Home & Garden > Decor > Throw Pillows
21069	6abb123bf1bc361a7cabf9bd	Ethnicraft Bright Tulum Cushion – Lumbar	Linen blend lumbar cushion from Ethnicraft's Mystic Ink collection, 60 x 40 cm (24 x 16 in), duck feather insert. Ships across Canada and the US.	https://www.esotico.ca/shop/p/bright-tulum-cushion-lumbar	https://images.squarespace-cdn.com/content/v1/6abad52803349b0b45a823de/1790644798712-80VIMFUOPBNUZ47352QV/Ethnicraft_Bright_Tulum_Cushion_1.jpg?format=1500w	https://images.squarespace-cdn.com/content/v1/6abad52803349b0b45a823de/1790644799866-BSRAF2WB4IK3GBNFM0PF/Ethnicraft_Bright_Tulum_Cushion_2.jpg?format=1500w,https://images.squarespace-cdn.com/content/v1/6abad52803349b0b45a823de/1790644801319-V7RK07GQTGAOWGHB5G1U/Ethnicraft_Bright_Tulum_Cushion_3.jpg?format=1500w,https://images.squarespace-cdn.com/content/v1/6abad52803349b0b45a823de/1790644802792-MVYMZF9STNWRVZ95IOIA/21065_Brown_Linear_Square_cushion_21069_Bright_Tulum_cushion_21071_Tulum_cushion_WEB.jpg?format=1500w,https://images.squarespace-cdn.com/content/v1/6abad52803349b0b45a823de/1790644803915-5YL3OUUVNIW3ZW4XMYFY/EthnicraftTulumCushion_6_8721181c-a8b4-450a-922e-a185234d12e0.jpg?format=1500w	189.00 CAD		in stock	new	Ethnicraft	Home > Home Décor	Home & Garden > Decor > Throw Pillows
21026	6abb1233cee48d5ed3f03be6	Ethnicraft Layered Dots Cushion – Square	Woven cotton cushion of layered dots by Ethnicraft, duck feather insert, 50 x 50 cm (20 x 20 in). Ships across Canada and the US.	https://www.esotico.ca/shop/p/layered-dots-cushion-square	https://images.squarespace-cdn.com/content/v1/6abad52803349b0b45a823de/1790644790352-W61DS6HVU0S8AERYHOE1/Ethnicraft_Layered_Dots_Cushion_1.jpg?format=1500w	https://images.squarespace-cdn.com/content/v1/6abad52803349b0b45a823de/1790644791571-EFNW6P02018ZP4S54TJG/Ethnicraft_Layered_Dots_Cushion_2.jpg?format=1500w,https://images.squarespace-cdn.com/content/v1/6abad52803349b0b45a823de/1790644792830-BEG8PL2H2B82JM745W09/Ethnicraft_Layered_Dots_Cushion_3.jpg?format=1500w,https://images.squarespace-cdn.com/content/v1/6abad52803349b0b45a823de/1790644793906-IIGB610XO1X2T2NQSHRL/Ethnicraft_Layered_Dots_Cushion_4.jpg?format=1500w,https://images.squarespace-cdn.com/content/v1/6abad52803349b0b45a823de/1790644795026-HP1MD0REYL8LGWN30PNT/Ethnicraft_Layered_Dots_Cushion_5.jpg?format=1500w	98.00 CAD		out of stock	new	Ethnicraft	Home > Home Décor	Home & Garden > Decor > Throw Pillows
21047	6abb122ad06c654358468fb7	Ethnicraft Urban Throw	Woven cotton and linen throw by Ethnicraft, from a Belgian family-owned mill. 140 x 195 cm (55.5 x 77 in). Ships across Canada and the US with tracking.	https://www.esotico.ca/shop/p/urban-throw	https://images.squarespace-cdn.com/content/v1/6abad52803349b0b45a823de/1790644782328-6FBURTOAYH5QKND6P4T0/Ethnicraft_Urban_Throw_1.jpg?format=1500w	https://images.squarespace-cdn.com/content/v1/6abad52803349b0b45a823de/1790644783603-J39RRDSBGY8D8JKSPJA9/Ethnicraft_Urban_Throw_3.jpg?format=1500w,https://images.squarespace-cdn.com/content/v1/6abad52803349b0b45a823de/1790644784645-ZZFXR1UHM2VHVJYZSEVD/Ethnicraft_Urban_Throw_2.jpg?format=1500w,https://images.squarespace-cdn.com/content/v1/6abad52803349b0b45a823de/1790644785839-44DSFH4K5WJ191K078NY/Ethnicraft_Urban_Throw_4.jpg?format=1500w,https://images.squarespace-cdn.com/content/v1/6abad52803349b0b45a823de/1790644787021-S4FZ46AMNS96LCZATY9P/Ethnicraft_Urban_Throw_5.jpg?format=1500w	422.00 CAD		in stock	new	Ethnicraft	Home > Home Décor	Home & Garden > Linens & Bedding > Bedding > Blankets
21051	6abb1221ee59385010a41cec	Ethnicraft Oat Nomad Throw	Oat Nomad Throw by Ethnicraft, the Belgian design house. Ships across Canada and the US with tracking.	https://www.esotico.ca/shop/p/oat-nomad-throw	https://images.squarespace-cdn.com/content/v1/6abad52803349b0b45a823de/1790644772983-9CNPX6C61FUSWGE74XK0/Ethnicraft_Oat_Nomad_Throw_1.jpg?format=1500w	https://images.squarespace-cdn.com/content/v1/6abad52803349b0b45a823de/1790644774103-9HQRIUZKXJ58YLXLFFQF/Ethnicraft_Oat_Nomad_Throw_2.jpg?format=1500w,https://images.squarespace-cdn.com/content/v1/6abad52803349b0b45a823de/1790644775572-UFPLSL4AQUGY2ZY6OJ7W/Ethnicraft_Oat_Nomad_Throw_3.jpg?format=1500w,https://images.squarespace-cdn.com/content/v1/6abad52803349b0b45a823de/1790644776876-GJUQW2XKIE9C0H1LFO42/Ethnicraft_Oat_Nomad_Throw_6.jpg?format=1500w,https://images.squarespace-cdn.com/content/v1/6abad52803349b0b45a823de/1790644778058-0OE5898R8TF7TDUROZCC/Ethnicraft_Oat_Nomad_Throw_4.jpg?format=1500w	633.00 CAD		in stock	new	Ethnicraft	Home > Home Décor	Home & Garden > Linens & Bedding > Bedding > Blankets
21050	6abb1218ee59385010a41ce6	Ethnicraft Camel Nomad Throw	Woven cotton and linen throw in camel tones by Ethnicraft, 140 x 200 cm (55.5 x 79 in). Ships across Canada and the US with tracking.	https://www.esotico.ca/shop/p/camel-nomad-throw	https://images.squarespace-cdn.com/content/v1/6abad52803349b0b45a823de/1790644763888-VLKX8GX6KWO03HTQR9LJ/Ethnicraft_Camel_Nomad_Thow_1.jpg?format=1500w	https://images.squarespace-cdn.com/content/v1/6abad52803349b0b45a823de/1790644764992-H1CPSBEKS3ONBYWWT81X/Ethnicraft_Camel_Nomad_Thow_2.jpg?format=1500w,https://images.squarespace-cdn.com/content/v1/6abad52803349b0b45a823de/1790644766584-GROXGK31K3O3B6GHPTIS/Ethnicraft_Camel_Nomad_Thow_3.jpg?format=1500w,https://images.squarespace-cdn.com/content/v1/6abad52803349b0b45a823de/1790644767760-MFTBKNO5VSBS17EGGCQ4/Ethnicraft_Camel_Nomad_Thow_5.jpg?format=1500w,https://images.squarespace-cdn.com/content/v1/6abad52803349b0b45a823de/1790644768868-PM5L0VKBK2ZTJOSHWEM7/Ethnicraft_Camel_Nomad_Thow_6.jpg?format=1500w	633.00 CAD		in stock	new	Ethnicraft	Home > Home Décor	Home & Garden > Linens & Bedding > Bedding > Blankets
20403	6abb120fd06c654358468fab	Ethnicraft Bronze Mirror Tray – Round, Small	Heavy aged bronze mirror tray by Ethnicraft with a wooden rim, 48 cm across (19 in). Made by hand, each one unique. Ships across Canada and the US.	https://www.esotico.ca/shop/p/bronze-mirror-tray-round-s	https://images.squarespace-cdn.com/content/v1/6abad52803349b0b45a823de/1790644755228-FO90DK1RJ2R5NOOPA54L/Ethnicraft_Bronze_Mirror_Tray_Round_S_1.jpg?format=1500w	https://images.squarespace-cdn.com/content/v1/6abad52803349b0b45a823de/1790644756348-00ENCHZ9CAVLGVG221J2/Ethnicraft_Bronze_Mirror_Tray_Round_S_2.jpg?format=1500w,https://images.squarespace-cdn.com/content/v1/6abad52803349b0b45a823de/1790644757829-QI311HB4ZJYX1SILC7G3/Ethnicraft_Bronze_Mirror_Tray_Round_S_3.jpg?format=1500w,https://images.squarespace-cdn.com/content/v1/6abad52803349b0b45a823de/1790644759404-I4FBJ10938YAR79PTSMH/Ethnicraft_Bronze_Mirror_Tray_Round_S_4.jpg?format=1500w	202.00 CAD		in stock	new	Ethnicraft	Home > Home Décor	Home & Garden > Decor > Decorative Trays
20305	6abb1207f1bc361a7cabf997	Ethnicraft White Slice Wooden Tray – Small	White Slice Wooden Tray, Small by Ethnicraft, the Belgian design house. Ships across Canada and the US with tracking.	https://www.esotico.ca/shop/p/white-slice-wooden-tray-small	https://images.squarespace-cdn.com/content/v1/6abad52803349b0b45a823de/1790644747030-8ANFPD8F30UPRM6WWXOY/Ethnicraft_White_Slice_Tray_R_S_1.jpg?format=1500w	https://images.squarespace-cdn.com/content/v1/6abad52803349b0b45a823de/1790644748197-ZLFUZ66NWJ6JBKOGY78D/Ethnicraft_White_Slice_Tray_R_S_2.jpg?format=1500w,https://images.squarespace-cdn.com/content/v1/6abad52803349b0b45a823de/1790644749474-NOG4ZZROO114146D09QQ/Ethnicraft_White_Slice_Tray_R_S_3.jpg?format=1500w,https://images.squarespace-cdn.com/content/v1/6abad52803349b0b45a823de/1790644751041-GN9G84APM2KRHXF10J5R/Ethnicraft_White_Slice_Tray_R_S_4.jpg?format=1500w	145.00 CAD		in stock	new	Ethnicraft	Home > Home Décor	Home & Garden > Decor > Decorative Trays
20371	6abb1200cee48d5ed3f03bc6	Ethnicraft Blue Mist Organic Glass Tray – Small	Blue Mist Organic Glass Tray, Small by Ethnicraft, the Belgian design house. Ships across Canada and the US with tracking.	https://www.esotico.ca/shop/p/blue-mist-organic-glass-tray-small	https://images.squarespace-cdn.com/content/v1/6abad52803349b0b45a823de/1790644739210-YVXM05CBOM8M3LHCVML8/Ethnicraft_Blue_Mist_Tray_1.jpg?format=1500w	https://images.squarespace-cdn.com/content/v1/6abad52803349b0b45a823de/1790644740255-I5X5HPR8AFO7NFKCGXVM/Ethnicraft_Blue_Mist_Tray_2.jpg?format=1500w,https://images.squarespace-cdn.com/content/v1/6abad52803349b0b45a823de/1790644741239-XZ0Y3DFQ4UFNA2GFED7C/Ethnicraft_Blue_Mist_Tray_3.jpg?format=1500w,https://images.squarespace-cdn.com/content/v1/6abad52803349b0b45a823de/1790644742718-N3A7ZWB7HW9V29KY3P60/Ethnicraft_Blue_Mist_Tray_4.jpg?format=1500w	202.00 CAD		out of stock	new	Ethnicraft	Home > Home Décor	Home & Garden > Decor > Decorative Trays
20437	6abb11f8ee59385010a41cd2	Ethnicraft Pinot Layered Dots Glass Tray – Small	Round glass tray by Ethnicraft with layered wine-red dots over a hand-painted base, 48 cm across (19 in). Ships across Canada and the US with tracking.	https://www.esotico.ca/shop/p/pinot-layered-dots-glass-tray-small	https://images.squarespace-cdn.com/content/v1/6abad52803349b0b45a823de/1790644731670-0FG8H42YPSATRJIFWDRJ/Ethnicraft_Pinot_Layered_Dots_R_S_1.jpg?format=1500w	https://images.squarespace-cdn.com/content/v1/6abad52803349b0b45a823de/1790644732604-FUL1WHLICFIJY1OE5CEC/Ethnicraft_Pinot_Layered_Dots_R_S_2.jpg?format=1500w,https://images.squarespace-cdn.com/content/v1/6abad52803349b0b45a823de/1790644733721-3DJLPL079CSB5XRPZYNM/Ethnicraft_Pinot_Layered_Dots_R_S_3.jpg?format=1500w,https://images.squarespace-cdn.com/content/v1/6abad52803349b0b45a823de/1790644735210-4FDIW2LEJRG8F0L2L1L8/Ethnicraft_Pinot_Layered_Dots_R_S_4.jpg?format=1500w	202.00 CAD		in stock	new	Ethnicraft	Home > Home Décor	Home & Garden > Decor > Decorative Trays
20932	6abb11f1ee59385010a41ccf	Ethnicraft Graphite Chevron Wooden Tray – Small	Graphite Chevron Wooden Tray, Small by Ethnicraft, the Belgian design house. Ships across Canada and the US with tracking.	https://www.esotico.ca/shop/p/graphite-chevron-wooden-tray	https://images.squarespace-cdn.com/content/v1/6abad52803349b0b45a823de/1790644724850-130GCYF2Z7B40D4WNX32/Ethnicraft_Graphite_Chevron_Wooden_Tray_S_R_1.jpg?format=1500w	https://images.squarespace-cdn.com/content/v1/6abad52803349b0b45a823de/1790644725891-SLZZ62VP30G0A9W6WVJF/Ethnicraft_Graphite_Chevron_Wooden_Tray_S_R_2.jpg?format=1500w,https://images.squarespace-cdn.com/content/v1/6abad52803349b0b45a823de/1790644726965-VVDXID7HG5C46K1HMTTL/Ethnicraft_Graphite_Chevron_Wooden_Tray_S_R_3.jpg?format=1500w,https://images.squarespace-cdn.com/content/v1/6abad52803349b0b45a823de/1790644728047-ITXXOFNAS8LP4BPUV608/Ethnicraft_Graphite_Chevron_Wooden_Tray_S_R_4.jpg?format=1500w	145.00 CAD		in stock	new	Ethnicraft	Home > Home Décor	Home & Garden > Decor > Decorative Trays
20407	6abb11eaf1bc361a7cabf984	Ethnicraft Bronze Slice Mirror Tray – Large	Bronze Slice Mirror Tray, Large by Ethnicraft, the Belgian design house. Ships across Canada and the US with tracking.	https://www.esotico.ca/shop/p/bronze-slice-mirror-tray-large	https://images.squarespace-cdn.com/content/v1/6abad52803349b0b45a823de/1790644717627-7A1TXN7V44KN1ELL9HLK/Ethnicraft_Bronze_Slice_Mirror_Tray_L_1.jpg?format=1500w	https://images.squarespace-cdn.com/content/v1/6abad52803349b0b45a823de/1790644718903-B1WCQIWEZ3G838GVROHS/Ethnicraft_Bronze_Slice_Mirror_Tray_L_2.jpg?format=1500w,https://images.squarespace-cdn.com/content/v1/6abad52803349b0b45a823de/1790644720569-4LB6WXD0Q6NYG8CL6V3L/Ethnicraft_Bronze_Slice_Mirror_Tray_L_3.jpg?format=1500w	274.00 CAD		in stock	new	Ethnicraft	Home > Home Décor	Home & Garden > Decor > Decorative Trays
20440	6abb11e1ee59385010a41cc6	Ethnicraft Slate Layered Dots Glass Tray – Large	Slate Layered Dots Glass Tray, Large by Ethnicraft, the Belgian design house. Ships across Canada and the US with tracking.	https://www.esotico.ca/shop/p/slate-layered-dots-glass-tray-large	https://images.squarespace-cdn.com/content/v1/6abad52803349b0b45a823de/1790644708456-VK2XFP622UJVHD0KD2B5/Ethnicraft_Slate_Layered_Dots_Glass_Tray_L_1.jpg?format=1500w	https://images.squarespace-cdn.com/content/v1/6abad52803349b0b45a823de/1790644709582-WQY45991RIAK3CMBC3VY/Ethnicraft_Slate_Layered_Dots_Glass_Tray_L_2.jpg?format=1500w,https://images.squarespace-cdn.com/content/v1/6abad52803349b0b45a823de/1790644710755-IGVF97MYDKBRTV9I0HR8/Ethnicraft_Slate_Layered_Dots_Glass_Tray_L_3.jpg?format=1500w,https://images.squarespace-cdn.com/content/v1/6abad52803349b0b45a823de/1790644712369-RCK7XK3JY1LCM8BYXLG2/Ethnicraft_Slate_Layered_Dots_Glass_Tray_L_4.jpg?format=1500w,https://images.squarespace-cdn.com/content/v1/6abad52803349b0b45a823de/1790644713486-TDS60O57TCUFKRRGCT1A/Ethnicraft_Slate_Layered_Dots_Glass_Tray_L_5.jpg?format=1500w	274.00 CAD		in stock	new	Ethnicraft	Home > Home Décor	Home & Garden > Decor > Decorative Trays
20439	6abb11d8f1bc361a7cabf976	Ethnicraft Overlapping Dots Glass Tray – Large	Overlapping Dots Glass Tray, Large by Ethnicraft, the Belgian design house. Ships across Canada and the US with tracking.	https://www.esotico.ca/shop/p/overlapping-dots-glass-tray-large	https://images.squarespace-cdn.com/content/v1/6abad52803349b0b45a823de/1790644699182-GREFFNBCTC9F8RQHVY82/Ethnicraft_Overlapping_Dots_Glass_Tray_1.jpg?format=1500w	https://images.squarespace-cdn.com/content/v1/6abad52803349b0b45a823de/1790644700525-M3O30BY5HLWUDJR191B1/Ethnicraft_Overlapping_Dots_Glass_Tray_2.jpg?format=1500w,https://images.squarespace-cdn.com/content/v1/6abad52803349b0b45a823de/1790644702117-2YOQGGKO4RGFFF8IJGHD/Ethnicraft_Overlapping_Dots_Glass_Tray_3.jpg?format=1500w,https://images.squarespace-cdn.com/content/v1/6abad52803349b0b45a823de/1790644703395-8LEL9SGR2MD6K5OGCKDB/Ethnicraft_Overlapping_Dots_Glass_Tray_4.jpg?format=1500w,https://images.squarespace-cdn.com/content/v1/6abad52803349b0b45a823de/1790644704636-SVYKRYD6JG2FU1DSTRML/Ethnicraft_Overlapping_Dots_Glass_Tray_5.jpg?format=1500w	274.00 CAD		in stock	new	Ethnicraft	Home > Home Décor	Home & Garden > Decor > Decorative Trays
20315	6abb11d1f1bc361a7cabf972	Ethnicraft Clear Mirror Tray – Large	Clear Mirror Tray, Large by Ethnicraft, the Belgian design house. Ships across Canada and the US with tracking.	https://www.esotico.ca/shop/p/clear-mirror-tray-large	https://images.squarespace-cdn.com/content/v1/6abad52803349b0b45a823de/1790644692743-W2EHZC4RBW24JSY6WS5I/Ethnicraft_Large_Clear_Mirror_Tray_1.jpg?format=1500w	https://images.squarespace-cdn.com/content/v1/6abad52803349b0b45a823de/1790644693953-4X2DVIV92EIHRTOC4KN2/Ethnicraft_Large_Clear_Mirror_Tray_2.jpg?format=1500w,https://images.squarespace-cdn.com/content/v1/6abad52803349b0b45a823de/1790644695531-IHYWUXB6G3U8ZPFTIBTI/Ethnicraft_Large_Clear_Mirror_Tray_3.jpg?format=1500w	274.00 CAD		in stock	new	Ethnicraft	Home > Home Décor	Home & Garden > Decor > Decorative Trays
20936	6abb11c9d06c654358468f76	Ethnicraft Folk Wooden Tray – Large	Folk Wooden Tray, Large by Ethnicraft, the Belgian design house. Ships across Canada and the US with tracking.	https://www.esotico.ca/shop/p/folk-wooden-tray-large	https://images.squarespace-cdn.com/content/v1/6abad52803349b0b45a823de/1790644684478-U9HR0SLXBBMVRJ8PHXFC/Ethnicraft_Folk_Wooden_Tray_L_1.jpg?format=1500w	https://images.squarespace-cdn.com/content/v1/6abad52803349b0b45a823de/1790644685538-IBW29K0QG6VK1JUB1KUK/Ethnicraft_Folk_Wooden_Tray_L_2.jpg?format=1500w,https://images.squarespace-cdn.com/content/v1/6abad52803349b0b45a823de/1790644686579-E0QS9AZ67GAB0ABMMM4T/Ethnicraft_Folk_Wooden_Tray_L_3.jpg?format=1500w,https://images.squarespace-cdn.com/content/v1/6abad52803349b0b45a823de/1790644687599-L094BWPBKGE5IKZNTEE7/Ethnicraft_Folk_Wooden_Tray_L_4.jpg?format=1500w,https://images.squarespace-cdn.com/content/v1/6abad52803349b0b45a823de/1790644688663-GB2DXJS8LPLU357HJLRU/Ethnicraft_Folk_Wooden_Tray_L_5.jpg?format=1500w	202.00 CAD		in stock	new	Ethnicraft	Home > Home Décor	Home & Garden > Decor > Decorative Trays
20938	6abb11c2f1bc361a7cabf965	Ethnicraft Geo Study Wooden Tray – Small	Geo Study Wooden Tray, Small by Ethnicraft, the Belgian design house. Ships across Canada and the US with tracking.	https://www.esotico.ca/shop/p/geo-study-wooden-tray-small	https://images.squarespace-cdn.com/content/v1/6abad52803349b0b45a823de/1790644677293-J1N7W0DD6QOMHDF1E7QU/Ethnicraft_GeoStudyWoodenTray_Rec_S_1.jpg?format=1500w	https://images.squarespace-cdn.com/content/v1/6abad52803349b0b45a823de/1790644678382-Y0OFUZG8VXVIWBWY6GBY/Ethnicraft_GeoStudyWoodenTray_Rec_S_2.jpg?format=1500w,https://images.squarespace-cdn.com/content/v1/6abad52803349b0b45a823de/1790644679558-F204TQPZ45HWH7LWGPP8/Ethnicraft_GeoStudyWoodenTray_Rec_S_3.jpg?format=1500w,https://images.squarespace-cdn.com/content/v1/6abad52803349b0b45a823de/1790644680804-FBDFDVS5NI0620TV50R9/Ethnicraft_GeoStudyWoodenTray_Rec_S_4.jpg?format=1500w	192.00 CAD		in stock	new	Ethnicraft	Home > Home Décor	Home & Garden > Decor > Decorative Trays
20316	6abb11bcd06c654358468f6e	Ethnicraft Bronze Mirror Tray – Rectangular, Small	Bronze Mirror Tray, Rectangular, Small by Ethnicraft, the Belgian design house. Ships across Canada and the US with tracking.	https://www.esotico.ca/shop/p/bronze-mirror-tray-small	https://images.squarespace-cdn.com/content/v1/6abad52803349b0b45a823de/1790644671389-X7FWKGIPL870K0QGLKYQ/Ethnicraft_Rectangular_Bronze_Mirror_Tray_S_1.jpg?format=1500w	https://images.squarespace-cdn.com/content/v1/6abad52803349b0b45a823de/1790644672492-53JB8BX4D3ON2A5F37C7/Ethnicraft_Rectangular_Bronze_Mirror_Tray_S_2.jpg?format=1500w,https://images.squarespace-cdn.com/content/v1/6abad52803349b0b45a823de/1790644673657-GL3REOGP8VW5S5RWX7ST/Ethnicraft_Rectangular_Bronze_Mirror_Tray_S_3.jpg?format=1500w	192.00 CAD		in stock	new	Ethnicraft	Home > Home Décor	Home & Garden > Decor > Decorative Trays
20940	6abb11b6ee59385010a41c9d	Ethnicraft Slate Curves Wooden Tray – Large	Slate Curves Wooden Tray, Large by Ethnicraft, the Belgian design house. Ships across Canada and the US with tracking.	https://www.esotico.ca/shop/p/slate-curves-wooden-tray-large	https://images.squarespace-cdn.com/content/v1/6abad52803349b0b45a823de/1790644665363-FM7DWVZBK8XCU3CJIVNE/Ethnicraft_Slate_Curves_Wooden_Tray_L_1.jpg?format=1500w	https://images.squarespace-cdn.com/content/v1/6abad52803349b0b45a823de/1790644666463-BQN2VB521YWFBFVAU3SC/Ethnicraft_Slate_Curves_Wooden_Tray_L_2.jpg?format=1500w,https://images.squarespace-cdn.com/content/v1/6abad52803349b0b45a823de/1790644667630-SS0PEKA213T6HQZASV2K/Ethnicraft_Slate_Curves_Wooden_Tray_L_3.jpg?format=1500w	274.00 CAD		in stock	new	Ethnicraft	Home > Home Décor	Home & Garden > Decor > Decorative Trays
20317	6abb11b0d06c654358468f64	Ethnicraft Bronze Mirror Tray – Large	Bronze Mirror Tray, Large by Ethnicraft, the Belgian design house. Ships across Canada and the US with tracking.	https://www.esotico.ca/shop/p/bronze-mirror-tray-large	https://images.squarespace-cdn.com/content/v1/6abad52803349b0b45a823de/1790644659031-65WS53L6FS327FVEF466/Ethnicraft_Rectangular_Large_Bronze_Mirror_1.jpg?format=1500w	https://images.squarespace-cdn.com/content/v1/6abad52803349b0b45a823de/1790644660275-ZXHOEQ0OE4LCIDYBK59Z/Ethnicraft_Rectangular_Large_Bronze_Mirror_2.jpg?format=1500w,https://images.squarespace-cdn.com/content/v1/6abad52803349b0b45a823de/1790644661480-EZPNXCSTN9BVD4VBAF1A/Ethnicraft_Rectangular_Large_Bronze_Mirror_3.jpg?format=1500w	274.00 CAD		in stock	new	Ethnicraft	Home > Home Décor	Home & Garden > Decor > Decorative Trays
20917	6abb11a8d06c654358468f5e	Ethnicraft Graphite Organic Glass Tray – Medium	Graphite Organic Glass Tray, Medium by Ethnicraft, the Belgian design house. Ships across Canada and the US with tracking.	https://www.esotico.ca/shop/p/graphite-organic-glass-tray-medium	https://images.squarespace-cdn.com/content/v1/6abad52803349b0b45a823de/1790644651572-ZGX9Z2YOM1IX6ZEUA8I5/Ethnicraft_Graphite_Organic_Glass_Tray_1.jpg?format=1500w	https://images.squarespace-cdn.com/content/v1/6abad52803349b0b45a823de/1790644652726-ANNCIGGPUDERXO51OVA6/Ethnicraft_Graphite_Organic_Glass_Tray_2.jpg?format=1500w,https://images.squarespace-cdn.com/content/v1/6abad52803349b0b45a823de/1790644653985-0TH872LME7LS3R85V16R/Ethnicraft_Graphite_Organic_Glass_Tray_3.jpg?format=1500w,https://images.squarespace-cdn.com/content/v1/6abad52803349b0b45a823de/1790644655328-P32VLUVRG5KWR41ODQ2L/Ethnicraft_Graphite_Organic_Glass_Tray_4.jpg?format=1500w	202.00 CAD		in stock	new	Ethnicraft	Home > Home Décor	Home & Garden > Decor > Decorative Trays
20916	6abb11a1f1bc361a7cabf945	Ethnicraft Slate Linear Squares Glass Tray – Medium	Slate Linear Squares Glass Tray, Medium by Ethnicraft, the Belgian design house. Ships across Canada and the US with tracking.	https://www.esotico.ca/shop/p/slate-linear-squares-glass-tray-medium	https://images.squarespace-cdn.com/content/v1/6abad52803349b0b45a823de/1790644644171-53DD6XSNB64OZ5521YRO/Ethnicraft_Oblong_Slate_Linear_Squares_Glass_1.jpg?format=1500w	https://images.squarespace-cdn.com/content/v1/6abad52803349b0b45a823de/1790644645206-ORCMWWXXP9YMU2IPUDON/Ethnicraft_Oblong_Slate_Linear_Squares_Glass_2.jpg?format=1500w,https://images.squarespace-cdn.com/content/v1/6abad52803349b0b45a823de/1790644646512-ACVO7WQQ729IY8KOK5VD/Ethnicraft_Oblong_Slate_Linear_Squares_Glass_3.jpg?format=1500w,https://images.squarespace-cdn.com/content/v1/6abad52803349b0b45a823de/1790644647695-KDNKCTXDDBXKG5HNNS3M/Ethnicraft_Oblong_Slate_Linear_Squares_Glass_4.jpg?format=1500w	202.00 CAD		in stock	new	Ethnicraft	Home > Home Décor	Home & Garden > Decor > Decorative Trays
20538	6abb1198f1bc361a7cabf93b	Ethnicraft Yellow Organic Glass Valet Tray	Yellow Organic Glass Valet Tray by Ethnicraft, the Belgian design house. Ships across Canada and the US with tracking.	https://www.esotico.ca/shop/p/yellow-organic-glass-valet-tray	https://images.squarespace-cdn.com/content/v1/6abad52803349b0b45a823de/1790644635107-FGDCJDYN5N0AY8MZOLJU/Ethnicraft_Yellow_Organic_Valet_Tray_1.jpg?format=1500w	https://images.squarespace-cdn.com/content/v1/6abad52803349b0b45a823de/1790644636142-709H15ULLPP7Q97E505H/Ethnicraft_Yellow_Organic_Valet_Tray_2.jpg?format=1500w,https://images.squarespace-cdn.com/content/v1/6abad52803349b0b45a823de/1790644638030-5JY8ZUAJVQXUURD1UY50/Ethnicraft_Yellow_Organic_Valet_Tray_3.jpg?format=1500w,https://images.squarespace-cdn.com/content/v1/6abad52803349b0b45a823de/1790644639199-SZE7NGKBZXZQTVGIFA64/Ethnicraft_Yellow_Organic_Valet_Tray_4.jpg?format=1500w,https://images.squarespace-cdn.com/content/v1/6abad52803349b0b45a823de/1790644640535-YHKU9ITS72NJY0LLFL8M/Ethnicraft_Yellow_Organic_Valet_Tray_5.jpg?format=1500w	57.00 CAD		out of stock	new	Ethnicraft	Home > Home Décor	Home & Garden > Decor > Decorative Trays
20539	6abb118fcee48d5ed3f03b70	Ethnicraft Moss Organic Glass Valet Tray	Moss Organic Glass Valet Tray by Ethnicraft, the Belgian design house. Ships across Canada and the US with tracking.	https://www.esotico.ca/shop/p/moss-organic-glass-valet-tray	https://images.squarespace-cdn.com/content/v1/6abad52803349b0b45a823de/1790644626739-WG0PYL5ICLR4IC5KRDWS/Ethnicraft_Moss_Organic_Valet_Tray_1.jpg?format=1500w	https://images.squarespace-cdn.com/content/v1/6abad52803349b0b45a823de/1790644627742-P42S65FVG62K659DJXCF/Ethnicraft_Moss_Organic_Valet_Tray_2.jpg?format=1500w,https://images.squarespace-cdn.com/content/v1/6abad52803349b0b45a823de/1790644628890-3D9EXC8XB21PHHCAFM6M/Ethnicraft_Moss_Organic_Valet_Tray_3.jpg?format=1500w,https://images.squarespace-cdn.com/content/v1/6abad52803349b0b45a823de/1790644630110-K35UFGXERCGYSGJ3HLF5/Ethnicraft_Moss_Organic_Valet_Tray_4.jpg?format=1500w,https://images.squarespace-cdn.com/content/v1/6abad52803349b0b45a823de/1790644631228-9A9VEJ5YAEN6NZHC51ZE/Ethnicraft_Moss_Organic_Valet_Tray_5.jpg?format=1500w	85.00 CAD		out of stock	new	Ethnicraft	Home > Home Décor	Home & Garden > Decor > Decorative Trays
20541	6abb1188f1bc361a7cabf90b	Ethnicraft Geometric Glass Valet Tray – Set of 2	Geometric Glass Valet Tray, Set of 2 by Ethnicraft, the Belgian design house. Ships across Canada and the US with tracking.	https://www.esotico.ca/shop/p/geometric-glass-valet-tray	https://images.squarespace-cdn.com/content/v1/6abad52803349b0b45a823de/1790644619388-A1KQOTMLR5SY1PEDPT2N/Ethnicraft_Geometric_Glass_Valet_Tray_1.jpg?format=1500w	https://images.squarespace-cdn.com/content/v1/6abad52803349b0b45a823de/1790644620677-M7FPE5OG2C6BSAG8IHPM/Ethnicraft_Geometric_Glass_Valet_Tray_2.jpg?format=1500w,https://images.squarespace-cdn.com/content/v1/6abad52803349b0b45a823de/1790644621772-M7RI98ZF1V9XAQRXT79X/Ethnicraft_Geometric_Glass_Valet_Tray_3.jpg?format=1500w,https://images.squarespace-cdn.com/content/v1/6abad52803349b0b45a823de/1790644622906-54WBZZPIUOOQQ17N1DE8/Ethnicraft_Geometric_Glass_Valet_Tray_4.jpg?format=1500w	158.00 CAD		out of stock	new	Ethnicraft	Home > Home Décor	Home & Garden > Decor > Decorative Trays
20542	6abb1180cee48d5ed3f03b62	Ethnicraft Chevron Glass Valet Tray – Set of 2	Chevron Glass Valet Tray, Set of 2 by Ethnicraft, the Belgian design house. Ships across Canada and the US with tracking.	https://www.esotico.ca/shop/p/chevron-glass-valet-tray	https://images.squarespace-cdn.com/content/v1/6abad52803349b0b45a823de/1790644611854-1U9IKI4BBN6FBAEYG0J9/Ethnicraft_Chevron_Glass_Valet_Tray_1.jpg?format=1500w	https://images.squarespace-cdn.com/content/v1/6abad52803349b0b45a823de/1790644613060-CTNPQSQA8DSUFH8PU0LT/Ethnicraft_Chevron_Glass_Valet_Tray_2.jpg?format=1500w,https://images.squarespace-cdn.com/content/v1/6abad52803349b0b45a823de/1790644614299-5ZZCMRSKNV4Q9OAXJPAI/Ethnicraft_Chevron_Glass_Valet_Tray_3.jpg?format=1500w,https://images.squarespace-cdn.com/content/v1/6abad52803349b0b45a823de/1790644615275-KTUJ4FRPUNDTRPM88YES/Ethnicraft_Chevron_Glass_Valet_Tray_4.jpg?format=1500w	158.00 CAD		in stock	new	Ethnicraft	Home > Home Décor	Home & Garden > Decor > Decorative Trays
20941	6abb117af1bc361a7cabf8fa	Ethnicraft Blush Curve Glass Valet Tray – Set of 2	Blush Curve Glass Valet Tray, Set of 2 by Ethnicraft, the Belgian design house. Ships across Canada and the US with tracking.	https://www.esotico.ca/shop/p/blush-curve-glass-valet-tray	https://images.squarespace-cdn.com/content/v1/6abad52803349b0b45a823de/1790644605497-4AGJ1QZ2AGI3FTZ19HEA/Ethnicraft_BlushCurve_Glass_Valet_Tray_1.jpg?format=1500w	https://images.squarespace-cdn.com/content/v1/6abad52803349b0b45a823de/1790644606775-LX6MF6C3XEWT4UZ24T53/Ethnicraft_BlushCurve_Glass_Valet_Tray_2.jpg?format=1500w,https://images.squarespace-cdn.com/content/v1/6abad52803349b0b45a823de/1790644607838-LOUPIY3FP4QT2PRKO0DU/Ethnicraft_BlushCurve_Glass_Valet_Tray_3.jpg?format=1500w	158.00 CAD		in stock	new	Ethnicraft	Home > Home Décor	Home & Garden > Decor > Decorative Trays
20702	6abb116fee59385010a41c4c	Ethnicraft Bronze Copper Nesting Side Table – Set of 2	Bronze Copper Nesting Side Table, Set of 2 by Ethnicraft, the Belgian design house. Pickup only, in Bedford, Nova Scotia.	https://www.esotico.ca/shop/p/bronze-copper-nesting-side-table-set-of-2	https://images.squarespace-cdn.com/content/v1/6abad52803349b0b45a823de/1790644593423-B1CTIAP0OW9OQXDCA7OZ/Ethnicraft_Bronze_Nesting_SideTable_1.jpg?format=1500w	https://images.squarespace-cdn.com/content/v1/6abad52803349b0b45a823de/1790644594544-VS1P35KENXGYQV6KUOUO/Ethnicraft_Bronze_Nesting_SideTable_2.jpg?format=1500w,https://images.squarespace-cdn.com/content/v1/6abad52803349b0b45a823de/1790644595614-5VT4Q91CXLHXYSYI778P/Ethnicraft_Bronze_Nesting_SideTable_3.jpg?format=1500w,https://images.squarespace-cdn.com/content/v1/6abad52803349b0b45a823de/1790644596667-VFA2VVUU2ID6OE69T2DH/Ethnicraft_Bronze_Nesting_SideTable_5.jpg?format=1500w,https://images.squarespace-cdn.com/content/v1/6abad52803349b0b45a823de/1790644597715-F2MHMJ98NCQ796F5M6TB/Ethnicraft_Bronze_Nesting_SideTable_4.jpg?format=1500w,https://images.squarespace-cdn.com/content/v1/6abad52803349b0b45a823de/1790644598810-MPNIQV51DSL53EP10LK5/Ethnicraft_Bronze_Nesting_SideTable_7.jpg?format=1500w	1169.00 CAD		in stock	new	Ethnicraft	Home > Home Décor	Furniture > Tables > Accent Tables
20703	6abb1168ee59385010a41c46	Ethnicraft Charcoal Nesting Side Table – Set of 2	Charcoal Nesting Side Table, Set of 2 by Ethnicraft, the Belgian design house. Pickup only, in Bedford, Nova Scotia.	https://www.esotico.ca/shop/p/charcoal-nesting-side-table-set-of-2	https://images.squarespace-cdn.com/content/v1/6abad52803349b0b45a823de/1790644586510-EP4QYK414OSTNC06DF8R/Ethnicraft_Charcoal_Nesting_SideTable_1.jpg?format=1500w	https://images.squarespace-cdn.com/content/v1/6abad52803349b0b45a823de/1790644587762-C1CGSLSUDZP35TLAQCC0/Ethnicraft_Charcoal_Nesting_SideTable_2.jpg?format=1500w,https://images.squarespace-cdn.com/content/v1/6abad52803349b0b45a823de/1790644589000-E7KJZ7PQ64M3MTVDE2RN/Ethnicraft_Charcoal_Nesting_SideTable_3.jpg?format=1500w,https://images.squarespace-cdn.com/content/v1/6abad52803349b0b45a823de/1790644590396-LDAZXHTEQCA2N0FF0LIN/Ethnicraft_Bronze_Nesting_SideTable_8.jpg?format=1500w	1169.00 CAD		in stock	new	Ethnicraft	Home > Home Décor	Furniture > Tables > Accent Tables
20726	6abb115fcee48d5ed3f03b3d	Ethnicraft Round Tray Coffee Table Set – Small and Large	Round Tray Coffee Table Set, Small and Large by Ethnicraft, the Belgian design house.	https://www.esotico.ca/shop/p/round-tray-coffee-table-set-s-l	https://images.squarespace-cdn.com/content/v1/6abad52803349b0b45a823de/1790644577791-GIP24K0A5B21LSBI7FHA/Ethnicraft_Round_Tray_Coffee_Table_Set_1.jpg?format=1500w	https://images.squarespace-cdn.com/content/v1/6abad52803349b0b45a823de/1790644578987-41MJC4M3MXN8Q8MUZ3QJ/Ethnicraft_Round_Tray_Coffee_Table_Set_3.jpg?format=1500w,https://images.squarespace-cdn.com/content/v1/6abad52803349b0b45a823de/1790644580266-8OMNQO9CINADJ0G07CK3/Ethnicraft_Round_Tray_Coffee_Table_Set_2.jpg?format=1500w,https://images.squarespace-cdn.com/content/v1/6abad52803349b0b45a823de/1790644581365-HPPFSRDSPGRBMAYTEG3G/Ethnicraft_Round_Tray_Coffee_Table_Set_4.jpg?format=1500w,https://images.squarespace-cdn.com/content/v1/6abad52803349b0b45a823de/1790644582471-FUAO9PVJIWE2IP29GR48/Ethnicraft_Round_Tray_Coffee_Table_Set_5.jpg?format=1500w,https://images.squarespace-cdn.com/content/v1/6abad52803349b0b45a823de/1790644583497-HG6KG9CGSVR9SHO2QYUN/Ethnicraft_Round_Tray_Coffee_Table_Set_6.jpg?format=1500w	549.00 CAD		in stock	new	Ethnicraft	Home > Home Décor	Furniture > Tables > Accent Tables
20704	6abb1159d06c654358468ef8	Ethnicraft Round Tray Side Table – Small	Round Tray Side Table, Small by Ethnicraft, the Belgian design house.	https://www.esotico.ca/shop/p/round-tray-side-table	https://images.squarespace-cdn.com/content/v1/6abad52803349b0b45a823de/1790644571247-JTM5ZYANKB3RK2L2A23E/Ethnicraft_Round_Tray_Table_S_1.jpg?format=1500w	https://images.squarespace-cdn.com/content/v1/6abad52803349b0b45a823de/1790644572234-NT0ODH2UYCEFAS5D2MZT/Ethnicraft_Round_Tray_Table_S_2.jpg?format=1500w,https://images.squarespace-cdn.com/content/v1/6abad52803349b0b45a823de/1790644573459-41MX9914GZZ1JQQICY28/Ethnicraft_Round_Tray_Table_S_4.jpg?format=1500w,https://images.squarespace-cdn.com/content/v1/6abad52803349b0b45a823de/1790644574712-GYOE6KJCXGJH01RGQTHK/Ethnicraft_Round_Tray_Table_S_3.jpg?format=1500w	319.00 CAD		in stock	new	Ethnicraft	Home > Home Décor	Furniture > Tables > Accent Tables
20602	6abb1154d06c654358468ef1	Ethnicraft Bronze Wall Mirror – Heavy Aged	Bronze Wall Mirror, Heavy Aged by Ethnicraft, the Belgian design house. Ships across Canada and the US with tracking.	https://www.esotico.ca/shop/p/bronze-wall-mirror-heavy-aged	https://images.squarespace-cdn.com/content/v1/6abad52803349b0b45a823de/1790644567204-VE4N0MUXYGE5NWQRBITI/2060220603BronzeHeavyAgedMirror-woodenframe.jpg?format=1500w	https://images.squarespace-cdn.com/content/v1/6abad52803349b0b45a823de/1790644568180-4SBFNBM4ART8VVKYJFHI/Ethnicraft_Bronze_Wall_Mirror_S_2.jpg?format=1500w	221.00 CAD		in stock	new	Ethnicraft	Home > Home Décor	Home & Garden > Decor > Mirrors
20600	6abb114ff1bc361a7cabf8d4	Ethnicraft Clear Wall Mirror – Medium Aged	Clear Wall Mirror, Medium Aged by Ethnicraft, the Belgian design house. Ships across Canada and the US with tracking.	https://www.esotico.ca/shop/p/clear-wall-mirror-medium-aged	https://images.squarespace-cdn.com/content/v1/6abad52803349b0b45a823de/1790644562352-FB7B87UN405KRB37HW90/2060020601ClearLightAgedMirror-woodenframe.jpg?format=1500w	https://images.squarespace-cdn.com/content/v1/6abad52803349b0b45a823de/1790644563530-KPIH2GL5X1KRK0XETWX0/Ethnicraft_Clear_Wall_Mirror_S_2.jpg?format=1500w	221.00 CAD		in stock	new	Ethnicraft	Home > Home Décor	Home & Garden > Decor > Mirrors
MATCHESPATTERN	6abb114bee59385010a41c22	Baobab Collection Candle Matches	Candle Matches by Baobab Collection, the Belgian home fragrance maison. Ships across Canada with tracking.	https://www.esotico.ca/shop/p/baobab-collection-matches	https://images.squarespace-cdn.com/content/v1/6abad52803349b0b45a823de/1790644558630-CYB9VCHAOCGHUKPR001F/matchbox-letterscopy.jpg?format=1500w		18.00 CAD		in stock	new	Baobab Collection	Home > Home Fragrance	Home & Garden > Decor > Home Fragrance Accessories
SNUFFER	6abb1147d06c654358468eea	Baobab Collection Candle Snuffer	Candle Snuffer by Baobab Collection, the Belgian home fragrance maison. Ships across Canada and the US with tracking.	https://www.esotico.ca/shop/p/baobab-collection-snuffer	https://images.squarespace-cdn.com/content/v1/6abad52803349b0b45a823de/1790644554718-NRKARQNIH0FJ4QQCQXCK/SNUFFER_Original.jpg?format=1500w		45.00 CAD		in stock	new	Baobab Collection	Home > Home Fragrance	Home & Garden > Decor > Home Fragrance Accessories
WICKT	6abb1142cee48d5ed3f03b1e	Baobab Collection Wick Trimmer	Wick Trimmer by Baobab Collection, the Belgian home fragrance maison. Ships across Canada and the US with tracking.	https://www.esotico.ca/shop/p/baobab-collection-wick-trimmer	https://images.squarespace-cdn.com/content/v1/6abad52803349b0b45a823de/1790644549724-JBXC2E6ZVY032OIDPIFS/WickTrimmer.jpg?format=1500w	https://images.squarespace-cdn.com/content/v1/6abad52803349b0b45a823de/1790644550855-PTD0AJXM954GOIZYNWXK/wick-trimmer.jpg?format=1500w	35.00 CAD		in stock	new	Baobab Collection	Home > Home Fragrance	Home & Garden > Decor > Home Fragrance Accessories
MAX10PB	6abb113bf1bc361a7cabf8b8	Baobab Collection Black Pearls Scented Candle, MAX 10	Black Pearls candle by Baobab Collection in hand-blown glass: ginger and black rose. MAX 10, 16 or 24, up to 340 hours. Ships across Canada and the US.	https://www.esotico.ca/shop/p/black-pearls	https://images.squarespace-cdn.com/content/v1/6abad52803349b0b45a823de/1790644542276-7OJ0KN1BTGHYTSJPEOIG/PearlsBlack-Groupshot-BDF.jpg?format=1500w	https://images.squarespace-cdn.com/content/v1/6abad52803349b0b45a823de/1790644543402-E8FGCKX83LPBABJLHDD7/BaobabCollection_BlackPearls_Max10.jpg?format=1500w,https://images.squarespace-cdn.com/content/v1/6abad52803349b0b45a823de/1790644544458-XJ2MS2FL72NP48TGNKXT/PearlsBlack-Max16-BDF.jpg?format=1500w,https://images.squarespace-cdn.com/content/v1/6abad52803349b0b45a823de/1790644545534-OI31CHMK19JGZHZGH06E/PearlsBlack-Max24-BDF.jpg?format=1500w	125.00 CAD		out of stock	new	Baobab Collection	Home > Home Fragrance	Home & Garden > Decor > Home Fragrances > Candles
MAX16PB	6abb113bf1bc361a7cabf8b8	Baobab Collection Black Pearls Scented Candle, MAX 16	Black Pearls candle by Baobab Collection in hand-blown glass: ginger and black rose. MAX 10, 16 or 24, up to 340 hours. Ships across Canada and the US.	https://www.esotico.ca/shop/p/black-pearls	https://images.squarespace-cdn.com/content/v1/6abad52803349b0b45a823de/1790644542276-7OJ0KN1BTGHYTSJPEOIG/PearlsBlack-Groupshot-BDF.jpg?format=1500w	https://images.squarespace-cdn.com/content/v1/6abad52803349b0b45a823de/1790644543402-E8FGCKX83LPBABJLHDD7/BaobabCollection_BlackPearls_Max10.jpg?format=1500w,https://images.squarespace-cdn.com/content/v1/6abad52803349b0b45a823de/1790644544458-XJ2MS2FL72NP48TGNKXT/PearlsBlack-Max16-BDF.jpg?format=1500w,https://images.squarespace-cdn.com/content/v1/6abad52803349b0b45a823de/1790644545534-OI31CHMK19JGZHZGH06E/PearlsBlack-Max24-BDF.jpg?format=1500w	175.00 CAD		out of stock	new	Baobab Collection	Home > Home Fragrance	Home & Garden > Decor > Home Fragrances > Candles
MAX24PB	6abb113bf1bc361a7cabf8b8	Baobab Collection Black Pearls Scented Candle, MAX 24	Black Pearls candle by Baobab Collection in hand-blown glass: ginger and black rose. MAX 10, 16 or 24, up to 340 hours. Ships across Canada and the US.	https://www.esotico.ca/shop/p/black-pearls	https://images.squarespace-cdn.com/content/v1/6abad52803349b0b45a823de/1790644542276-7OJ0KN1BTGHYTSJPEOIG/PearlsBlack-Groupshot-BDF.jpg?format=1500w	https://images.squarespace-cdn.com/content/v1/6abad52803349b0b45a823de/1790644543402-E8FGCKX83LPBABJLHDD7/BaobabCollection_BlackPearls_Max10.jpg?format=1500w,https://images.squarespace-cdn.com/content/v1/6abad52803349b0b45a823de/1790644544458-XJ2MS2FL72NP48TGNKXT/PearlsBlack-Max16-BDF.jpg?format=1500w,https://images.squarespace-cdn.com/content/v1/6abad52803349b0b45a823de/1790644545534-OI31CHMK19JGZHZGH06E/PearlsBlack-Max24-BDF.jpg?format=1500w	350.00 CAD		out of stock	new	Baobab Collection	Home > Home Fragrance	Home & Garden > Decor > Home Fragrances > Candles
MAX10SMA	6abb1132ee59385010a41c03	Baobab Collection Stones Marble Scented Candle, MAX 10	Stones Marble candle by Baobab Collection in marble-effect glass: leather and tuberose. MAX 10 to MAX 35. Ships across Canada and the US.	https://www.esotico.ca/shop/p/stones-marble	https://images.squarespace-cdn.com/content/v1/6abad52803349b0b45a823de/1790644533551-D3U9SA3DD6S10CVGWPEZ/StonesMarble-Groupshot-BDF.jpg?format=1500w	https://images.squarespace-cdn.com/content/v1/6abad52803349b0b45a823de/1790644534880-6Q2I654HDSGZSMS6L8UV/Stones_Marble-Max_10-BDF.jpg?format=1500w,https://images.squarespace-cdn.com/content/v1/6abad52803349b0b45a823de/1790644535999-GZD4HS60L9ZP1B94HSIV/Stones_Marble-Max_16-BDF.jpg?format=1500w,https://images.squarespace-cdn.com/content/v1/6abad52803349b0b45a823de/1790644537228-9L2U0EAIEOAV713UOLZ1/Stones_Marble-Max_24-DF.jpg?format=1500w,https://images.squarespace-cdn.com/content/v1/6abad52803349b0b45a823de/1790644538342-NYOTYMGBKDO6F38IVW8Y/Stones_Marble-Max_35-BDF.jpg?format=1500w	150.00 CAD		out of stock	new	Baobab Collection	Home > Home Fragrance	Home & Garden > Decor > Home Fragrances > Candles
MAX16SMA	6abb1132ee59385010a41c03	Baobab Collection Stones Marble Scented Candle, MAX 16	Stones Marble candle by Baobab Collection in marble-effect glass: leather and tuberose. MAX 10 to MAX 35. Ships across Canada and the US.	https://www.esotico.ca/shop/p/stones-marble	https://images.squarespace-cdn.com/content/v1/6abad52803349b0b45a823de/1790644533551-D3U9SA3DD6S10CVGWPEZ/StonesMarble-Groupshot-BDF.jpg?format=1500w	https://images.squarespace-cdn.com/content/v1/6abad52803349b0b45a823de/1790644534880-6Q2I654HDSGZSMS6L8UV/Stones_Marble-Max_10-BDF.jpg?format=1500w,https://images.squarespace-cdn.com/content/v1/6abad52803349b0b45a823de/1790644535999-GZD4HS60L9ZP1B94HSIV/Stones_Marble-Max_16-BDF.jpg?format=1500w,https://images.squarespace-cdn.com/content/v1/6abad52803349b0b45a823de/1790644537228-9L2U0EAIEOAV713UOLZ1/Stones_Marble-Max_24-DF.jpg?format=1500w,https://images.squarespace-cdn.com/content/v1/6abad52803349b0b45a823de/1790644538342-NYOTYMGBKDO6F38IVW8Y/Stones_Marble-Max_35-BDF.jpg?format=1500w	230.00 CAD		in stock	new	Baobab Collection	Home > Home Fragrance	Home & Garden > Decor > Home Fragrances > Candles
MAX24SMA	6abb1132ee59385010a41c03	Baobab Collection Stones Marble Scented Candle, MAX 24	Stones Marble candle by Baobab Collection in marble-effect glass: leather and tuberose. MAX 10 to MAX 35. Ships across Canada and the US.	https://www.esotico.ca/shop/p/stones-marble	https://images.squarespace-cdn.com/content/v1/6abad52803349b0b45a823de/1790644533551-D3U9SA3DD6S10CVGWPEZ/StonesMarble-Groupshot-BDF.jpg?format=1500w	https://images.squarespace-cdn.com/content/v1/6abad52803349b0b45a823de/1790644534880-6Q2I654HDSGZSMS6L8UV/Stones_Marble-Max_10-BDF.jpg?format=1500w,https://images.squarespace-cdn.com/content/v1/6abad52803349b0b45a823de/1790644535999-GZD4HS60L9ZP1B94HSIV/Stones_Marble-Max_16-BDF.jpg?format=1500w,https://images.squarespace-cdn.com/content/v1/6abad52803349b0b45a823de/1790644537228-9L2U0EAIEOAV713UOLZ1/Stones_Marble-Max_24-DF.jpg?format=1500w,https://images.squarespace-cdn.com/content/v1/6abad52803349b0b45a823de/1790644538342-NYOTYMGBKDO6F38IVW8Y/Stones_Marble-Max_35-BDF.jpg?format=1500w	460.00 CAD		in stock	new	Baobab Collection	Home > Home Fragrance	Home & Garden > Decor > Home Fragrances > Candles
MAX35SMA	6abb1132ee59385010a41c03	Baobab Collection Stones Marble Scented Candle, MAX 35	Stones Marble candle by Baobab Collection in marble-effect glass: leather and tuberose. MAX 10 to MAX 35. Ships across Canada and the US.	https://www.esotico.ca/shop/p/stones-marble	https://images.squarespace-cdn.com/content/v1/6abad52803349b0b45a823de/1790644533551-D3U9SA3DD6S10CVGWPEZ/StonesMarble-Groupshot-BDF.jpg?format=1500w	https://images.squarespace-cdn.com/content/v1/6abad52803349b0b45a823de/1790644534880-6Q2I654HDSGZSMS6L8UV/Stones_Marble-Max_10-BDF.jpg?format=1500w,https://images.squarespace-cdn.com/content/v1/6abad52803349b0b45a823de/1790644535999-GZD4HS60L9ZP1B94HSIV/Stones_Marble-Max_16-BDF.jpg?format=1500w,https://images.squarespace-cdn.com/content/v1/6abad52803349b0b45a823de/1790644537228-9L2U0EAIEOAV713UOLZ1/Stones_Marble-Max_24-DF.jpg?format=1500w,https://images.squarespace-cdn.com/content/v1/6abad52803349b0b45a823de/1790644538342-NYOTYMGBKDO6F38IVW8Y/Stones_Marble-Max_35-BDF.jpg?format=1500w	890.00 CAD		out of stock	new	Baobab Collection	Home > Home Fragrance	Home & Garden > Decor > Home Fragrances > Candles
MAX10PLA	6abb112cd06c654358468ed3	Baobab Collection Les Exclusives Platinum Scented Candle, MAX 10	Les Exclusives Platinum candle by Baobab Collection in silver metallic glass: amber, musk and grapefruit. MAX 10 or MAX 16. Ships across Canada and the US.	https://www.esotico.ca/shop/p/les-exclusives-platinum	https://images.squarespace-cdn.com/content/v1/6abad52803349b0b45a823de/1790644527483-HJLIM1Q7SLVGKSBPZ882/BaobabCollection-Platinum-Groupshot-BDF.jpg?format=1500w	https://images.squarespace-cdn.com/content/v1/6abad52803349b0b45a823de/1790644528505-8B6T63W4P0EQA3MOM2KM/BaobabCollection-Platinum-Max10-BDF.jpg?format=1500w,https://images.squarespace-cdn.com/content/v1/6abad52803349b0b45a823de/1790644529705-SVST66K5ZHJJ4U1IZXZO/BaobabCollection-Platinum-Max16-BDF.jpg?format=1500w	140.00 CAD		in stock	new	Baobab Collection	Home > Home Fragrance	Home & Garden > Decor > Home Fragrances > Candles
MAX16PLA	6abb112cd06c654358468ed3	Baobab Collection Les Exclusives Platinum Scented Candle, MAX 16	Les Exclusives Platinum candle by Baobab Collection in silver metallic glass: amber, musk and grapefruit. MAX 10 or MAX 16. Ships across Canada and the US.	https://www.esotico.ca/shop/p/les-exclusives-platinum	https://images.squarespace-cdn.com/content/v1/6abad52803349b0b45a823de/1790644527483-HJLIM1Q7SLVGKSBPZ882/BaobabCollection-Platinum-Groupshot-BDF.jpg?format=1500w	https://images.squarespace-cdn.com/content/v1/6abad52803349b0b45a823de/1790644528505-8B6T63W4P0EQA3MOM2KM/BaobabCollection-Platinum-Max10-BDF.jpg?format=1500w,https://images.squarespace-cdn.com/content/v1/6abad52803349b0b45a823de/1790644529705-SVST66K5ZHJJ4U1IZXZO/BaobabCollection-Platinum-Max16-BDF.jpg?format=1500w	190.00 CAD		in stock	new	Baobab Collection	Home > Home Fragrance	Home & Garden > Decor > Home Fragrances > Candles
MAX10CY	6abb1124cee48d5ed3f03aff	Baobab Collection Les Exclusives Cyprium Scented Candle, MAX 10	Les Exclusives Cyprium candle by Baobab Collection in copper mirror glass: sandalwood, pepper and musk. Ships across Canada and the US with tracking.	https://www.esotico.ca/shop/p/les-exclusives-cyprium	https://images.squarespace-cdn.com/content/v1/6abad52803349b0b45a823de/1790644519837-25K4E485MAUWCAR1NAF9/BaobabCollection-Cyprium-Groupshot.jpg?format=1500w	https://images.squarespace-cdn.com/content/v1/6abad52803349b0b45a823de/1790644520979-LVTMIFSOJPPTRFXJKWOV/BaobabCollection-Cyprium-Max24-BDF.jpg?format=1500w,https://images.squarespace-cdn.com/content/v1/6abad52803349b0b45a823de/1790644522142-ICT2P4N2UV7OJBQGXAEM/BaobabCollecti-Cyprium-Max16.jpg?format=1500w,https://images.squarespace-cdn.com/content/v1/6abad52803349b0b45a823de/1790644523494-ZYIUSNA8EHFOALP3RSFS/exclusives-cypriumcopy.jpg?format=1500w	140.00 CAD		out of stock	new	Baobab Collection	Home > Home Fragrance	Home & Garden > Decor > Home Fragrances > Candles
MAX16CY	6abb1124cee48d5ed3f03aff	Baobab Collection Les Exclusives Cyprium Scented Candle, MAX 16	Les Exclusives Cyprium candle by Baobab Collection in copper mirror glass: sandalwood, pepper and musk. Ships across Canada and the US with tracking.	https://www.esotico.ca/shop/p/les-exclusives-cyprium	https://images.squarespace-cdn.com/content/v1/6abad52803349b0b45a823de/1790644519837-25K4E485MAUWCAR1NAF9/BaobabCollection-Cyprium-Groupshot.jpg?format=1500w	https://images.squarespace-cdn.com/content/v1/6abad52803349b0b45a823de/1790644520979-LVTMIFSOJPPTRFXJKWOV/BaobabCollection-Cyprium-Max24-BDF.jpg?format=1500w,https://images.squarespace-cdn.com/content/v1/6abad52803349b0b45a823de/1790644522142-ICT2P4N2UV7OJBQGXAEM/BaobabCollecti-Cyprium-Max16.jpg?format=1500w,https://images.squarespace-cdn.com/content/v1/6abad52803349b0b45a823de/1790644523494-ZYIUSNA8EHFOALP3RSFS/exclusives-cypriumcopy.jpg?format=1500w	190.00 CAD		in stock	new	Baobab Collection	Home > Home Fragrance	Home & Garden > Decor > Home Fragrances > Candles
MAX10FT	6abb111dd06c654358468eca	Baobab Collection Feathers Touareg Scented Candle, MAX 10	Feathers Touareg candle by Baobab Collection, each glass unique: mint and jasmine. MAX 10 or MAX 16. Ships across Canada and the US.	https://www.esotico.ca/shop/p/feathers-touareg	https://images.squarespace-cdn.com/content/v1/6abad52803349b0b45a823de/1790644513012-96ZQWRP1GZOJOHGGTSVS/BaobabCollection-FeathersTouareg-GroupShot-BDF.jpg?format=1500w	https://images.squarespace-cdn.com/content/v1/6abad52803349b0b45a823de/1790644514424-VOZU60X84SPEQIG86G05/BaobabCollecti-FeathersTouareg-Max10.jpg?format=1500w,https://images.squarespace-cdn.com/content/v1/6abad52803349b0b45a823de/1790644515585-SJBOBN4SXY2WQFFTL89C/BaobabCollection-FeathersTouareg-Max16-BDF.jpg?format=1500w	140.00 CAD		in stock	new	Baobab Collection	Home > Home Fragrance	Home & Garden > Decor > Home Fragrances > Candles
MAX16FT	6abb111dd06c654358468eca	Baobab Collection Feathers Touareg Scented Candle, MAX 16	Feathers Touareg candle by Baobab Collection, each glass unique: mint and jasmine. MAX 10 or MAX 16. Ships across Canada and the US.	https://www.esotico.ca/shop/p/feathers-touareg	https://images.squarespace-cdn.com/content/v1/6abad52803349b0b45a823de/1790644513012-96ZQWRP1GZOJOHGGTSVS/BaobabCollection-FeathersTouareg-GroupShot-BDF.jpg?format=1500w	https://images.squarespace-cdn.com/content/v1/6abad52803349b0b45a823de/1790644514424-VOZU60X84SPEQIG86G05/BaobabCollecti-FeathersTouareg-Max10.jpg?format=1500w,https://images.squarespace-cdn.com/content/v1/6abad52803349b0b45a823de/1790644515585-SJBOBN4SXY2WQFFTL89C/BaobabCollection-FeathersTouareg-Max16-BDF.jpg?format=1500w	190.00 CAD		in stock	new	Baobab Collection	Home > Home Fragrance	Home & Garden > Decor > Home Fragrances > Candles
MAX10EDS	6abb1116d06c654358468ec1	Baobab Collection Eden Seaside Scented Candle, MAX 10	Eden Seaside candle by Baobab Collection, illustrated by Cyril Destrade: sea salt, amber, peppermint. MAX 10, 16 or 24. Ships across Canada and the US.	https://www.esotico.ca/shop/p/eden-seaside	https://images.squarespace-cdn.com/content/v1/6abad52803349b0b45a823de/1790644505658-QWDFRVZLFIPWTFR0UMY3/EdenSeaside-Groupshot-BDF.jpg?format=1500w	https://images.squarespace-cdn.com/content/v1/6abad52803349b0b45a823de/1790644506750-LFENU43JCKYQD9LZ984Q/BaobabCollection-EdenSeaside-Max10-BDF.jpg?format=1500w,https://images.squarespace-cdn.com/content/v1/6abad52803349b0b45a823de/1790644507866-I9VIY66VN3TYNW2WZ8O7/BaobabCollection-EdenSeaside-Max16-BDF.jpg?format=1500w,https://images.squarespace-cdn.com/content/v1/6abad52803349b0b45a823de/1790644508903-OT77OBNE6NMI79N7R4MF/BaobabCollection-EdenSeaside-Max24-BDF.jpg?format=1500w	140.00 CAD		in stock	new	Baobab Collection	Home > Home Fragrance	Home & Garden > Decor > Home Fragrances > Candles
MAX16EDS	6abb1116d06c654358468ec1	Baobab Collection Eden Seaside Scented Candle, MAX 16	Eden Seaside candle by Baobab Collection, illustrated by Cyril Destrade: sea salt, amber, peppermint. MAX 10, 16 or 24. Ships across Canada and the US.	https://www.esotico.ca/shop/p/eden-seaside	https://images.squarespace-cdn.com/content/v1/6abad52803349b0b45a823de/1790644505658-QWDFRVZLFIPWTFR0UMY3/EdenSeaside-Groupshot-BDF.jpg?format=1500w	https://images.squarespace-cdn.com/content/v1/6abad52803349b0b45a823de/1790644506750-LFENU43JCKYQD9LZ984Q/BaobabCollection-EdenSeaside-Max10-BDF.jpg?format=1500w,https://images.squarespace-cdn.com/content/v1/6abad52803349b0b45a823de/1790644507866-I9VIY66VN3TYNW2WZ8O7/BaobabCollection-EdenSeaside-Max16-BDF.jpg?format=1500w,https://images.squarespace-cdn.com/content/v1/6abad52803349b0b45a823de/1790644508903-OT77OBNE6NMI79N7R4MF/BaobabCollection-EdenSeaside-Max24-BDF.jpg?format=1500w	190.00 CAD		out of stock	new	Baobab Collection	Home > Home Fragrance	Home & Garden > Decor > Home Fragrances > Candles
MAX24EDS	6abb1116d06c654358468ec1	Baobab Collection Eden Seaside Scented Candle, MAX 24	Eden Seaside candle by Baobab Collection, illustrated by Cyril Destrade: sea salt, amber, peppermint. MAX 10, 16 or 24. Ships across Canada and the US.	https://www.esotico.ca/shop/p/eden-seaside	https://images.squarespace-cdn.com/content/v1/6abad52803349b0b45a823de/1790644505658-QWDFRVZLFIPWTFR0UMY3/EdenSeaside-Groupshot-BDF.jpg?format=1500w	https://images.squarespace-cdn.com/content/v1/6abad52803349b0b45a823de/1790644506750-LFENU43JCKYQD9LZ984Q/BaobabCollection-EdenSeaside-Max10-BDF.jpg?format=1500w,https://images.squarespace-cdn.com/content/v1/6abad52803349b0b45a823de/1790644507866-I9VIY66VN3TYNW2WZ8O7/BaobabCollection-EdenSeaside-Max16-BDF.jpg?format=1500w,https://images.squarespace-cdn.com/content/v1/6abad52803349b0b45a823de/1790644508903-OT77OBNE6NMI79N7R4MF/BaobabCollection-EdenSeaside-Max24-BDF.jpg?format=1500w	380.00 CAD		out of stock	new	Baobab Collection	Home > Home Fragrance	Home & Garden > Decor > Home Fragrances > Candles
MAX10SLA	6abb110ff1bc361a7cabf88d	Baobab Collection Stones Lazuli Scented Candle, MAX 10	Stones Lazuli candle by Baobab Collection in blue marbled glass: sea salt and musk. MAX 10, 16 or 24. Ships across Canada and the US.	https://www.esotico.ca/shop/p/stones-lazuli	https://images.squarespace-cdn.com/content/v1/6abad52803349b0b45a823de/1790644498059-SXPM7VYHTJARVR114TL0/StonesLazuliGroupshot-BDF.jpg?format=1500w	https://images.squarespace-cdn.com/content/v1/6abad52803349b0b45a823de/1790644499453-CACBOVO7VL62SQ82SQ0C/BaobabCollection-StonesLazuli-Max10-BDF.jpg?format=1500w,https://images.squarespace-cdn.com/content/v1/6abad52803349b0b45a823de/1790644500666-W3HFRM4PSRIORC1COGGC/BaobabCollection-StonesLazuli-Max16-BDF.jpg?format=1500w,https://images.squarespace-cdn.com/content/v1/6abad52803349b0b45a823de/1790644501662-XNWX7TY715SC8MWTAAY5/BaobabCollection-StonesLazuli-Max24.jpg?format=1500w	150.00 CAD		out of stock	new	Baobab Collection	Home > Home Fragrance	Home & Garden > Decor > Home Fragrances > Candles
MAX16SLA	6abb110ff1bc361a7cabf88d	Baobab Collection Stones Lazuli Scented Candle, MAX 16	Stones Lazuli candle by Baobab Collection in blue marbled glass: sea salt and musk. MAX 10, 16 or 24. Ships across Canada and the US.	https://www.esotico.ca/shop/p/stones-lazuli	https://images.squarespace-cdn.com/content/v1/6abad52803349b0b45a823de/1790644498059-SXPM7VYHTJARVR114TL0/StonesLazuliGroupshot-BDF.jpg?format=1500w	https://images.squarespace-cdn.com/content/v1/6abad52803349b0b45a823de/1790644499453-CACBOVO7VL62SQ82SQ0C/BaobabCollection-StonesLazuli-Max10-BDF.jpg?format=1500w,https://images.squarespace-cdn.com/content/v1/6abad52803349b0b45a823de/1790644500666-W3HFRM4PSRIORC1COGGC/BaobabCollection-StonesLazuli-Max16-BDF.jpg?format=1500w,https://images.squarespace-cdn.com/content/v1/6abad52803349b0b45a823de/1790644501662-XNWX7TY715SC8MWTAAY5/BaobabCollection-StonesLazuli-Max24.jpg?format=1500w	230.00 CAD		in stock	new	Baobab Collection	Home > Home Fragrance	Home & Garden > Decor > Home Fragrances > Candles
MAX24SLA	6abb110ff1bc361a7cabf88d	Baobab Collection Stones Lazuli Scented Candle, MAX 24	Stones Lazuli candle by Baobab Collection in blue marbled glass: sea salt and musk. MAX 10, 16 or 24. Ships across Canada and the US.	https://www.esotico.ca/shop/p/stones-lazuli	https://images.squarespace-cdn.com/content/v1/6abad52803349b0b45a823de/1790644498059-SXPM7VYHTJARVR114TL0/StonesLazuliGroupshot-BDF.jpg?format=1500w	https://images.squarespace-cdn.com/content/v1/6abad52803349b0b45a823de/1790644499453-CACBOVO7VL62SQ82SQ0C/BaobabCollection-StonesLazuli-Max10-BDF.jpg?format=1500w,https://images.squarespace-cdn.com/content/v1/6abad52803349b0b45a823de/1790644500666-W3HFRM4PSRIORC1COGGC/BaobabCollection-StonesLazuli-Max16-BDF.jpg?format=1500w,https://images.squarespace-cdn.com/content/v1/6abad52803349b0b45a823de/1790644501662-XNWX7TY715SC8MWTAAY5/BaobabCollection-StonesLazuli-Max24.jpg?format=1500w	460.00 CAD		in stock	new	Baobab Collection	Home > Home Fragrance	Home & Garden > Decor > Home Fragrances > Candles
MAX10PD	6abb1108d06c654358468eb5	Baobab Collection Les Prestigieuses Pierre de Lune Scented Candle, MAX 10	Pierre de Lune candle by Baobab Collection in milky white glass: mint and verbena. MAX 10 or MAX 16. Ships across Canada and the US.	https://www.esotico.ca/shop/p/les-prestigieuses-pierre-de-lune	https://images.squarespace-cdn.com/content/v1/6abad52803349b0b45a823de/1790644491859-QL5AG7T4M4VQVQO6AH7I/Pierredelune-Groupshot-BDF.jpg?format=1500w	https://images.squarespace-cdn.com/content/v1/6abad52803349b0b45a823de/1790644493123-XZ8XBHD6B0MXLP0W7LIF/BaobabCollection-PierredeLune-Max10-BDF.jpg?format=1500w,https://images.squarespace-cdn.com/content/v1/6abad52803349b0b45a823de/1790644494327-HZU71W3RCGCOV8RD83DT/BaobabCollection-PierredeLune-Max16-BDF.jpg?format=1500w	125.00 CAD		in stock	new	Baobab Collection	Home > Home Fragrance	Home & Garden > Decor > Home Fragrances > Candles
MAX16PD	6abb1108d06c654358468eb5	Baobab Collection Les Prestigieuses Pierre de Lune Scented Candle, MAX 16	Pierre de Lune candle by Baobab Collection in milky white glass: mint and verbena. MAX 10 or MAX 16. Ships across Canada and the US.	https://www.esotico.ca/shop/p/les-prestigieuses-pierre-de-lune	https://images.squarespace-cdn.com/content/v1/6abad52803349b0b45a823de/1790644491859-QL5AG7T4M4VQVQO6AH7I/Pierredelune-Groupshot-BDF.jpg?format=1500w	https://images.squarespace-cdn.com/content/v1/6abad52803349b0b45a823de/1790644493123-XZ8XBHD6B0MXLP0W7LIF/BaobabCollection-PierredeLune-Max10-BDF.jpg?format=1500w,https://images.squarespace-cdn.com/content/v1/6abad52803349b0b45a823de/1790644494327-HZU71W3RCGCOV8RD83DT/BaobabCollection-PierredeLune-Max16-BDF.jpg?format=1500w	175.00 CAD		in stock	new	Baobab Collection	Home > Home Fragrance	Home & Garden > Decor > Home Fragrances > Candles
MAX10EDC	6abb1102ee59385010a41bd8	Baobab Collection Les Prestigieuses Encre de Chine Scented Candle, MAX 10	Encre de Chine candle by Baobab Collection in deep black glass: sandalwood and vetiver. MAX 10 or MAX 16. Ships across Canada and the US.	https://www.esotico.ca/shop/p/les-prestigieuses-encre-de-chine	https://images.squarespace-cdn.com/content/v1/6abad52803349b0b45a823de/1790644485756-AXVV0HU88AG16RWMZWHA/Encredechine-Groupshot-BDF.jpg?format=1500w	https://images.squarespace-cdn.com/content/v1/6abad52803349b0b45a823de/1790644486818-AM8J33336VKMQQN1VSXH/BaobabCollection-EncredeChine-Max10-BDF.jpg?format=1500w,https://images.squarespace-cdn.com/content/v1/6abad52803349b0b45a823de/1790644487921-40VC5GSFXTYRZNKV6S3R/BaobabCollection-EncredeChine-Max16-BDF.jpg?format=1500w	125.00 CAD		in stock	new	Baobab Collection	Home > Home Fragrance	Home & Garden > Decor > Home Fragrances > Candles
MAX16EDC	6abb1102ee59385010a41bd8	Baobab Collection Les Prestigieuses Encre de Chine Scented Candle, MAX 16	Encre de Chine candle by Baobab Collection in deep black glass: sandalwood and vetiver. MAX 10 or MAX 16. Ships across Canada and the US.	https://www.esotico.ca/shop/p/les-prestigieuses-encre-de-chine	https://images.squarespace-cdn.com/content/v1/6abad52803349b0b45a823de/1790644485756-AXVV0HU88AG16RWMZWHA/Encredechine-Groupshot-BDF.jpg?format=1500w	https://images.squarespace-cdn.com/content/v1/6abad52803349b0b45a823de/1790644486818-AM8J33336VKMQQN1VSXH/BaobabCollection-EncredeChine-Max10-BDF.jpg?format=1500w,https://images.squarespace-cdn.com/content/v1/6abad52803349b0b45a823de/1790644487921-40VC5GSFXTYRZNKV6S3R/BaobabCollection-EncredeChine-Max16-BDF.jpg?format=1500w	175.00 CAD		in stock	new	Baobab Collection	Home > Home Fragrance	Home & Garden > Decor > Home Fragrances > Candles
MAX10SP	6abb10fdf1bc361a7cabf881	Baobab Collection Sapphire Pearls Scented Candle	Sapphire Pearls candle by Baobab Collection with azure inlays: seaweed and myrtle. MAX 10, 10 cm, up to 50 hours. Ships across Canada and the US.	https://www.esotico.ca/shop/p/sapphire-pearls	https://images.squarespace-cdn.com/content/v1/6abad52803349b0b45a823de/1790644480740-NP2QYJH9L7Y6GYZDSIPN/BaobabCollection-PearlsSapphire-Groupshot.jpg?format=1500w	https://images.squarespace-cdn.com/content/v1/6abad52803349b0b45a823de/1790644481851-927BP4H94ZVBTH7ITUB9/BaobabCollection-PearlsSapphire-Max10-BDF.jpg?format=1500w	125.00 CAD		in stock	new	Baobab Collection	Home > Home Fragrance	Home & Garden > Decor > Home Fragrances > Candles
MAX10NH	6abb10f6ee59385010a41bd1	Baobab Collection Nirvana Holy Scented Candle, MAX 10	Nirvana Holy limited-edition candle by Baobab Collection: lily of the valley, musk, cypress. MAX 10, 16 or 24. Ships across Canada and the US.	https://www.esotico.ca/shop/p/nirvana-holy	https://images.squarespace-cdn.com/content/v1/6abad52803349b0b45a823de/1790644473547-HSYMDQX5OQUPO3BNJIE0/NirvanaHolyGroupshot.jpg?format=1500w	https://images.squarespace-cdn.com/content/v1/6abad52803349b0b45a823de/1790644474666-1ICST72B78G8Z08Q1JG3/BaobabCollection-Nirvana-Holy-Max10.jpg?format=1500w,https://images.squarespace-cdn.com/content/v1/6abad52803349b0b45a823de/1790644475762-9D8BZRKTBVV9J3IR7KA9/BaobabCollection-Nirvana-Holy-Max16.jpg?format=1500w,https://images.squarespace-cdn.com/content/v1/6abad52803349b0b45a823de/1790644476854-DQTXZPWVAWAHSH09VKUI/BaobabCollection-Nirvana-Holy-Max24.jpg?format=1500w	150.00 CAD		out of stock	new	Baobab Collection	Home > Home Fragrance	Home & Garden > Decor > Home Fragrances > Candles
MAX16NH	6abb10f6ee59385010a41bd1	Baobab Collection Nirvana Holy Scented Candle, MAX 16	Nirvana Holy limited-edition candle by Baobab Collection: lily of the valley, musk, cypress. MAX 10, 16 or 24. Ships across Canada and the US.	https://www.esotico.ca/shop/p/nirvana-holy	https://images.squarespace-cdn.com/content/v1/6abad52803349b0b45a823de/1790644473547-HSYMDQX5OQUPO3BNJIE0/NirvanaHolyGroupshot.jpg?format=1500w	https://images.squarespace-cdn.com/content/v1/6abad52803349b0b45a823de/1790644474666-1ICST72B78G8Z08Q1JG3/BaobabCollection-Nirvana-Holy-Max10.jpg?format=1500w,https://images.squarespace-cdn.com/content/v1/6abad52803349b0b45a823de/1790644475762-9D8BZRKTBVV9J3IR7KA9/BaobabCollection-Nirvana-Holy-Max16.jpg?format=1500w,https://images.squarespace-cdn.com/content/v1/6abad52803349b0b45a823de/1790644476854-DQTXZPWVAWAHSH09VKUI/BaobabCollection-Nirvana-Holy-Max24.jpg?format=1500w	230.00 CAD		out of stock	new	Baobab Collection	Home > Home Fragrance	Home & Garden > Decor > Home Fragrances > Candles
MAX24NH	6abb10f6ee59385010a41bd1	Baobab Collection Nirvana Holy Scented Candle, MAX 24	Nirvana Holy limited-edition candle by Baobab Collection: lily of the valley, musk, cypress. MAX 10, 16 or 24. Ships across Canada and the US.	https://www.esotico.ca/shop/p/nirvana-holy	https://images.squarespace-cdn.com/content/v1/6abad52803349b0b45a823de/1790644473547-HSYMDQX5OQUPO3BNJIE0/NirvanaHolyGroupshot.jpg?format=1500w	https://images.squarespace-cdn.com/content/v1/6abad52803349b0b45a823de/1790644474666-1ICST72B78G8Z08Q1JG3/BaobabCollection-Nirvana-Holy-Max10.jpg?format=1500w,https://images.squarespace-cdn.com/content/v1/6abad52803349b0b45a823de/1790644475762-9D8BZRKTBVV9J3IR7KA9/BaobabCollection-Nirvana-Holy-Max16.jpg?format=1500w,https://images.squarespace-cdn.com/content/v1/6abad52803349b0b45a823de/1790644476854-DQTXZPWVAWAHSH09VKUI/BaobabCollection-Nirvana-Holy-Max24.jpg?format=1500w	460.00 CAD		in stock	new	Baobab Collection	Home > Home Fragrance	Home & Garden > Decor > Home Fragrances > Candles
TOTEMNV250	6abb10f0ee59385010a41bcd	Baobab Collection Nirvana Holy Totem Diffuser	Nirvana Holy Totem reed diffuser by Baobab Collection, 250 ml, hand-blown glass and ceramic cap. Ships to Canadian addresses with tracking.	https://www.esotico.ca/shop/p/nirvana-holy-totem	https://images.squarespace-cdn.com/content/v1/6abad52803349b0b45a823de/1790644467594-4BAOAOAQLI1JIIAP31PM/BaobabCollectionMiniTotemNirvanaHoly.jpg?format=1500w	https://images.squarespace-cdn.com/content/v1/6abad52803349b0b45a823de/1790644468738-S00RX6YUAM7ILHYKXGJO/BaobabCollection-nirvana-totem-holy-giftbox.jpg?format=1500w,https://images.squarespace-cdn.com/content/v1/6abad52803349b0b45a823de/1790644469889-4W9NFKPT1379558IKTTY/BaobabCollection-nirvana-totem-holy-lifestyle.jpg?format=1500w	280.00 CAD		in stock	new	Baobab Collection	Home > Home Fragrance	Home & Garden > Decor > Home Fragrances
TOTEMXSSMA	6abb10eccee48d5ed3f03ad1	Baobab Collection Stones Marble Totem Diffuser	Stones Marble Totem reed diffuser by Baobab Collection, 250 ml: leather, tuberose, berries. Ships to Canadian addresses with tracking.	https://www.esotico.ca/shop/p/stones-marble-totem-fragrance-diffuser	https://images.squarespace-cdn.com/content/v1/6abad52803349b0b45a823de/1790644462943-2Y1U431ASC8O8YFX6O7N/BaobabCollectionMiniTotemStonesMarbleDiffuser.jpg?format=1500w	https://images.squarespace-cdn.com/content/v1/6abad52803349b0b45a823de/1790644463901-UGYN668NCM8ULK2N8ZC9/baobabcollection-gift-box-stones-marble-totem-diffuser.jpg?format=1500w	280.00 CAD		in stock	new	Baobab Collection	Home > Home Fragrance	Home & Garden > Decor > Home Fragrances
TOTEMXSAU	6abb10e5cee48d5ed3f03ac6	Baobab Collection Les Exclusives Aurum Totem Diffuser	Aurum Totem reed diffuser by Baobab Collection, 250 ml, hand-painted gold glass: jasmine and musk. Ships to Canadian addresses with tracking.	https://www.esotico.ca/shop/p/les-exclusives-aurum-totem	https://images.squarespace-cdn.com/content/v1/6abad52803349b0b45a823de/1790644456799-RUELXHX9L01USP4XSMOW/BaobabCollection-MiniTotemAurum-Diffuser.jpg?format=1500w	https://images.squarespace-cdn.com/content/v1/6abad52803349b0b45a823de/1790644458104-H97S83LNNP6DV1UI5S3P/2BOITE-MINITOTEM-AURUM-FERMEE-HDF.jpg?format=1500w,https://images.squarespace-cdn.com/content/v1/6abad52803349b0b45a823de/1790644459145-HNJVR27TXPR1BSOASG7R/BaobabCollection-MiniTotemAurum-Diffusercopy.jpg?format=1500w	280.00 CAD		in stock	new	Baobab Collection	Home > Home Fragrance	Home & Garden > Decor > Home Fragrances
TOTEMXSCYP	6abb10e0ee59385010a41bbb	Baobab Collection Les Exclusives Cyprium Totem Diffuser	Cyprium Totem reed diffuser by Baobab Collection, 250 ml, copper glass: sandalwood, pepper, musk. Ships to Canadian addresses with tracking.	https://www.esotico.ca/shop/p/les-exclusives-cyprium-totem	https://images.squarespace-cdn.com/content/v1/6abad52803349b0b45a823de/1790644451900-FX9FRECQ09E3JDVCV822/BaobabCollection-MINITOTEMCYPRIUM-Diffuser.jpg?format=1500w	https://images.squarespace-cdn.com/content/v1/6abad52803349b0b45a823de/1790644452959-LRNR0OLW60WSW5EHB26Z/exclusives-cyprium-diffuser.jpg?format=1500w	280.00 CAD		in stock	new	Baobab Collection	Home > Home Fragrance	Home & Garden > Decor > Home Fragrances
TOTEMXSFT	6abb10dbf1bc361a7cabf858	Baobab Collection Feathers Touareg Totem Diffuser	Feathers Touareg Totem reed diffuser by Baobab Collection, 250 ml, cobalt ceramic cap: tea and mint. Ships to Canadian addresses.	https://www.esotico.ca/shop/p/feathers-touareg-totem-diffuser	https://images.squarespace-cdn.com/content/v1/6abad52803349b0b45a823de/1790644446509-ZRWZOLHH8LMJXBLMLP67/MiniTotemFeathersTouareg.jpg?format=1500w	https://images.squarespace-cdn.com/content/v1/6abad52803349b0b45a823de/1790644447682-771YUJF351MQNKUVCONL/totem-feathers-touareg.jpg?format=1500w	270.00 CAD		in stock	new	Baobab Collection	Home > Home Fragrance	Home & Garden > Decor > Home Fragrances
TOTEMXSBP	6abb10d5d06c654358468e86	Baobab Collection Black Pearls Totem Diffuser	Black Pearls Totem reed diffuser by Baobab Collection, 250 ml: ginger and black rose. Ships to Canadian addresses with tracking.	https://www.esotico.ca/shop/p/black-pearls-totem-diffuser	https://images.squarespace-cdn.com/content/v1/6abad52803349b0b45a823de/1790644440504-4TTPNBNX9U2G4UY8N28J/Baobab-Collection-MiniTotemBlackPearls.jpg?format=1500w	https://images.squarespace-cdn.com/content/v1/6abad52803349b0b45a823de/1790644441658-EKCCMBF2LW63AGWA1M87/BOITE-MINITOTEM-BLACKPEARL-FERMEE-BOX.jpg?format=1500w,https://images.squarespace-cdn.com/content/v1/6abad52803349b0b45a823de/1790644442926-DZ0S4HKKIZ5WZXY9HMC2/BOITE-MINITOTEM-BLACKPEARL-OUVERTE-HDF.jpg?format=1500w	260.00 CAD		in stock	new	Baobab Collection	Home > Home Fragrance	Home & Garden > Decor > Home Fragrances
REF1000PB	6abb10d2ee59385010a41bb1	Baobab Collection Black Pearls Totem Diffuser Refill – 1 L	1 litre refill for the Black Pearls Totem diffuser by Baobab Collection: ginger and black rose. Ships to Canadian addresses.	https://www.esotico.ca/shop/p/black-pearls-totem-diffuser-refill-1l	https://images.squarespace-cdn.com/content/v1/6abad52803349b0b45a823de/c7414ca5-2a31-4d02-a706-4336af036c5c/Baobab-Collection-BlackPearls-Diffuser-Refilll-1L-centred.jpg?format=1500w		190.00 CAD		in stock	new	Baobab Collection	Home > Home Fragrance	Home & Garden > Decor > Home Fragrances
REF1000SMA	6abb10cecee48d5ed3f03ab3	Baobab Collection Stones Marble Totem Diffuser Refill – 1 L	1 litre refill for the Stones Marble Totem diffuser by Baobab Collection: leather and tuberose. Ships to Canadian addresses.	https://www.esotico.ca/shop/p/baobab-collection-stones-marble-diffuser-refill-1l	https://images.squarespace-cdn.com/content/v1/6abad52803349b0b45a823de/edc7058a-0006-4dee-8898-29dd6ad892b9/Baobab-Collection-Stones-Marble-Refill-1L-centred.jpg?format=1500w		190.00 CAD		in stock	new	Baobab Collection	Home > Home Fragrance	Home & Garden > Decor > Home Fragrances
REF1000NHO	6abb10caee59385010a41ba7	Baobab Collection Nirvana Holy Totem Diffuser Refill – 1 L	1 litre refill for the Nirvana Holy Totem diffuser by Baobab Collection: lily of the valley and musk. Ships to Canadian addresses.	https://www.esotico.ca/shop/p/baobab-collection-nirvana-holy-diffuser-refill-1l	https://images.squarespace-cdn.com/content/v1/6abad52803349b0b45a823de/ee1332f0-551d-4b57-92c9-7dafb1aa5a34/Baobab-Collection-Nirvana-Holy-Refill-1L-centred.jpg?format=1500w		190.00 CAD		in stock	new	Baobab Collection	Home > Home Fragrance	Home & Garden > Decor > Home Fragrances
REF1000FT	6abb10c7ee59385010a41ba4	Baobab Collection Feathers Touareg Totem Diffuser Refill – 1 L	1 litre refill for the Feathers Touareg Totem diffuser by Baobab Collection: tea and mint. Ships to Canadian addresses.	https://www.esotico.ca/shop/p/baobab-collection-feathers-touareg-diffuser-refill-1l	https://images.squarespace-cdn.com/content/v1/6abad52803349b0b45a823de/50fac2c4-d525-4783-88ba-47433cd9af7e/Baobab-Collection-Feathers-Touareg-Refill-1L-centred.jpg?format=1500w		190.00 CAD		in stock	new	Baobab Collection	Home > Home Fragrance	Home & Garden > Decor > Home Fragrances
REF1000AU	6abb10c3d06c654358468e72	Baobab Collection Les Exclusives Aurum Totem Diffuser Refill – 1 L	1 litre refill for the Aurum Totem diffuser by Baobab Collection: jasmine and musk. Ships to Canadian addresses with tracking.	https://www.esotico.ca/shop/p/baobab-collection-les-exclusives-aurum-diffuser-refill-1l	https://images.squarespace-cdn.com/content/v1/6abad52803349b0b45a823de/d8460537-f313-4ba4-826c-a4e7be6f651b/Baobab-Collection-LesExclusivesAurumRefilll-1L-centred.jpg?format=1500w		170.00 CAD		in stock	new	Baobab Collection	Home > Home Fragrance	Home & Garden > Decor > Home Fragrances
REF1000CYP	6abb10c0d06c654358468e6d	Baobab Collection Les Exclusives Cyprium Totem Diffuser Refill – 1 L	1 litre refill for the Cyprium Totem diffuser by Baobab Collection: sandalwood, pepper and musk. Ships to Canadian addresses.	https://www.esotico.ca/shop/p/les-exclusives-cyprium-totem-diffuser-refill-1l	https://images.squarespace-cdn.com/content/v1/6abad52803349b0b45a823de/dbaf3843-10ff-4195-a7f2-2be555715325/Baobab-Collection-LesExclusivesCypriumRefilll-1L-centred.jpg?format=1500w		170.00 CAD		in stock	new	Baobab Collection	Home > Home Fragrance	Home & Garden > Decor > Home Fragrances
LODSTICKS30BL	6abb10bcf1bc361a7cabf83e	Baobab Collection Diffuser Sticks – Black	Diffuser Sticks, Black by Baobab Collection, the Belgian home fragrance maison. Ships across Canada and the US with tracking.	https://www.esotico.ca/shop/p/baobab-collection-diffuser-sticks-black	https://images.squarespace-cdn.com/content/v1/6abad52803349b0b45a823de/93094cea-bbd3-4fef-a3db-4a01cca999a4/baobab-collectiondiffuser-sticks-black-centred.jpg?format=1500w	https://images.squarespace-cdn.com/content/v1/6abad52803349b0b45a823de/50b1a199-b752-446a-ba7c-e9d045aaee03/baobab-collection-black-diffuser-sticks.jpg?format=1500w	6.00 CAD		in stock	new	Baobab Collection	Home > Home Fragrance	Home & Garden > Decor > Home Fragrances
20790	6abb10b5ee59385010a41b8d	Ethnicraft Oblong Tray Side Table	Oblong Tray Side Table by Ethnicraft, the Belgian design house.	https://www.esotico.ca/shop/p/oblong-tray-side-table-m	https://images.squarespace-cdn.com/content/v1/6abad52803349b0b45a823de/1790644407273-N5VYORWMGHT2ZJVR71NE/Ethnicraft_Oblong_Tray_Table.jpg?format=1500w	https://images.squarespace-cdn.com/content/v1/6abad52803349b0b45a823de/1790644408315-AETS8GTWEH09303U3XLC/Ethnicraft_Oblong_Tray_Table_2.jpg?format=1500w,https://images.squarespace-cdn.com/content/v1/6abad52803349b0b45a823de/1790644409632-X3ZXFEL722M4M8V3DXZP/Ethnicraft_Oblong_Tray_Table_3.jpg?format=1500w,https://images.squarespace-cdn.com/content/v1/6abad52803349b0b45a823de/1790644410846-5PRGZKBVMZF7EXNQSU5I/Ethnicraft_Oblong_Tray_Table_4.jpg?format=1500w,https://images.squarespace-cdn.com/content/v1/6abad52803349b0b45a823de/1790644412102-LQR166SUVYBLZA96SEB9/Ethnicraft_Oblong_Tray_Table_5.jpg?format=1500w	429.00 CAD		out of stock	new	Ethnicraft	Home > Home Décor	Furniture > Tables > Accent Tables
20706	6abb10aef1bc361a7cabf82b	Ethnicraft Rectangular Tray Side Table – Medium	Rectangular Tray Side Table, Medium by Ethnicraft, the Belgian design house.	https://www.esotico.ca/shop/p/rectangular-tray-side-table-m	https://images.squarespace-cdn.com/content/v1/6abad52803349b0b45a823de/1790644401055-8WOCWRD224UCRM6RMCSF/Ethnicraft_Rectangular_Tray_Table_M_1.jpg?format=1500w	https://images.squarespace-cdn.com/content/v1/6abad52803349b0b45a823de/1790644402046-SB4CXAGVGS7QZ943PADQ/Ethnicraft_Rectangular_Tray_Table_M_2.jpg?format=1500w,https://images.squarespace-cdn.com/content/v1/6abad52803349b0b45a823de/1790644403139-OP1BEBJ5XKWA4XQNUF9V/Ethnicraft_Rectangular_Tray_Table_M_3.jpg?format=1500w,https://images.squarespace-cdn.com/content/v1/6abad52803349b0b45a823de/1790644404230-YPD61GVHS0GZP68VYGPK/Ethnicraft_Rectangular_Tray_Table_M_4.jpg?format=1500w	349.00 CAD		out of stock	new	Ethnicraft	Home > Home Décor	Furniture > Tables > Accent Tables
20720	6abb10a8ee59385010a41b7d	Ethnicraft Rectangular Tray Side Table – Large	Rectangular Tray Side Table, Large by Ethnicraft, the Belgian design house. Pickup only, in Bedford, Nova Scotia.	https://www.esotico.ca/shop/p/rectangular-tray-side-table-l	https://images.squarespace-cdn.com/content/v1/6abad52803349b0b45a823de/1790644394369-3SF6A6PLGO59RXIVX9G8/Ethnicraft_Rectangular_Tray_Table_L_1.jpg?format=1500w	https://images.squarespace-cdn.com/content/v1/6abad52803349b0b45a823de/1790644395524-IO24D76SZWL6ZPDZRMVB/Ethnicraft_Rectangular_Tray_Table_L_2.jpg?format=1500w,https://images.squarespace-cdn.com/content/v1/6abad52803349b0b45a823de/1790644396832-FZE9XY3LC6L4AP1PBGCQ/Ethnicraft_Rectangular_Tray_Table_L_3.jpg?format=1500w,https://images.squarespace-cdn.com/content/v1/6abad52803349b0b45a823de/1790644397909-GDQLCUSVK5PMFY2C4GAB/Ethnicraft_Rectangular_Tray_Table_L_4.jpg?format=1500w	469.00 CAD		in stock	new	Ethnicraft	Home > Home Décor	Furniture > Tables > Accent Tables
20369	6abb109df1bc361a7cabf816	Ethnicraft Bronze Organic Glass Tray – Oblong	Bronze Organic Glass Tray, Oblong by Ethnicraft, the Belgian design house. Ships across Canada and the US with tracking.	https://www.esotico.ca/shop/p/bronze-organic-glass-tray-oblong	https://images.squarespace-cdn.com/content/v1/6abad52803349b0b45a823de/1790644384492-4M0ZU60DQLZMHZ9YXV2S/Ethnicraft_Bronze-Organic_Glass_Tray_Oblong_1.jpg?format=1500w	https://images.squarespace-cdn.com/content/v1/6abad52803349b0b45a823de/1790644385722-SM00OO4MENOC018FNKFY/Ethnicraft_Bronze-Organic_Glass_Tray_Oblong_2.jpg?format=1500w,https://images.squarespace-cdn.com/content/v1/6abad52803349b0b45a823de/1790644386853-2Y8TNP10HGGUJE0TY4AL/Ethnicraft_Bronze-Organic_Glass_Tray_Oblong_3.jpg?format=1500w,https://images.squarespace-cdn.com/content/v1/6abad52803349b0b45a823de/1790644387891-L3DGFR03AKX2ROT7VIXM/Ethnicraft_Bronze-Organic_Glass_Tray_Oblong_4.jpg?format=1500w,https://images.squarespace-cdn.com/content/v1/6abad52803349b0b45a823de/1790644389075-IG5WUVY1DBPDWB4OHJRX/Ethnicraft_Bronze-Organic_Glass_Tray_Oblong_5.jpg?format=1500w,https://images.squarespace-cdn.com/content/v1/6abad52803349b0b45a823de/1790644390307-MHGSZIX94IWNRZX8DF2R/Ethnicraft_Bronze-Organic_Glass_Tray_Oblong_6.jpg?format=1500w	202.00 CAD		out of stock	new	Ethnicraft	Home > Home Décor	Home & Garden > Decor > Decorative Trays
20469	6abb1094ee59385010a41b68	Ethnicraft Bronze Organic Glass Valet Tray – Rectangular	Hand-painted bronze glass valet tray by Ethnicraft, 42 x 24 cm, for keys and jewellery. Ships across Canada and the US with tracking.	https://www.esotico.ca/shop/p/bronze-organic-glass-valet-tray-rectangular	https://images.squarespace-cdn.com/content/v1/6abad52803349b0b45a823de/1790644375922-97LUBMRGUMBMFI28KO1T/Ethnicraft_Bronze_Organic_Glass_Valet_Tray_Rectangular_1.jpg?format=1500w	https://images.squarespace-cdn.com/content/v1/6abad52803349b0b45a823de/1790644377109-QHF8GD96CCX87JA3D6ZI/Ethnicraft_Bronze_Organic_Glass_Valet_Tray_Rectangular_2.jpg?format=1500w,https://images.squarespace-cdn.com/content/v1/6abad52803349b0b45a823de/1790644378283-61MB39FLYK60YAL9K16F/Ethnicraft_Bronze_Organic_Glass_Valet_Tray_Rectangular_3.jpg?format=1500w,https://images.squarespace-cdn.com/content/v1/6abad52803349b0b45a823de/1790644379621-7NU2F9VNRKIHQWLMG8F2/Ethnicraft_Bronze_Organic_Glass_Valet_Tray_Rectangular_4.jpg?format=1500w,https://images.squarespace-cdn.com/content/v1/6abad52803349b0b45a823de/1790644380840-1D9HY4OI1SD4XSCJ4ARQ/Ethnicraft_Bronze_Organic_Glass_Valet_Tray_Rectangular_5.jpg?format=1500w	117.00 CAD		in stock	new	Ethnicraft	Home > Home Décor	Home & Garden > Decor > Decorative Trays
20468	6abb108ccee48d5ed3f03a6e	Ethnicraft Bronze Organic Glass Valet Tray – Round	Round hand-painted bronze glass valet tray by Ethnicraft, 30 cm across (12 in). For jewellery, keys or soaps. Ships across Canada and the US.	https://www.esotico.ca/shop/p/bronze-organic-glass-valet-tray-round	https://images.squarespace-cdn.com/content/v1/6abad52803349b0b45a823de/1790644367972-N9J3FBNEWZM60ABNLUFU/Ethnicraft_Bronze_Organic_Glass_Valet_Tray_Round_1.jpg?format=1500w	https://images.squarespace-cdn.com/content/v1/6abad52803349b0b45a823de/1790644369294-4X0JCD3RJBQURLWAV3WP/Ethnicraft_Bronze_Organic_Glass_Valet_Tray_Round_2.jpg?format=1500w,https://images.squarespace-cdn.com/content/v1/6abad52803349b0b45a823de/1790644370545-04XL6AI7O05YAJTBEL8N/Ethnicraft_Bronze_Organic_Glass_Valet_Tray_Round_3.jpg?format=1500w,https://images.squarespace-cdn.com/content/v1/6abad52803349b0b45a823de/1790644371675-8ZG696LOLXWX01JRDTF0/Ethnicraft_Bronze_Organic_Glass_Valet_Tray_Rectangular_4_a90ffe91-9971-48eb-b048-517c140b5743.jpg?format=1500w	101.00 CAD		in stock	new	Ethnicraft	Home > Home Décor	Home & Garden > Decor > Decorative Trays
20923	6abb1083ee59385010a41b5e	Ethnicraft Slate Organic Glass Valet Tray – Round	Slate Organic Glass Valet Tray, Round by Ethnicraft, the Belgian design house. Ships across Canada and the US with tracking.	https://www.esotico.ca/shop/p/slate-organic-glass-valet-tray-round	https://images.squarespace-cdn.com/content/v1/6abad52803349b0b45a823de/1790644358606-FAPKXERM3FFNVBMPL3UP/Ethnicraft_Slate_Organic_Glass_Valet_Tray_Round_1.jpg?format=1500w	https://images.squarespace-cdn.com/content/v1/6abad52803349b0b45a823de/1790644359777-YGPN170N9AIUX2USKEO4/Ethnicraft_Slate_Organic_Glass_Valet_Tray_Round_2.jpg?format=1500w,https://images.squarespace-cdn.com/content/v1/6abad52803349b0b45a823de/1790644362096-4F5K03E40AOQPXHUN0Z8/Ethnicraft_Slate_Organic_Glass_Valet_Tray_Round_3.jpg?format=1500w,https://images.squarespace-cdn.com/content/v1/6abad52803349b0b45a823de/1790644363591-2SQ8R0F1VMPJ7RVUDGIP/Ethnicraft_Slate_Organic_Glass_Valet_Tray_Round_4.jpg?format=1500w	101.00 CAD		in stock	new	Ethnicraft	Home > Home Décor	Home & Garden > Decor > Decorative Trays
20929	6abb107ad06c654358468e2a	Ethnicraft Ink Linear Squares Glass Valet Tray – Rectangular	Glass valet tray by Ethnicraft in ink-blue linear squares, 42 x 24 cm, for the desk or the entry. Ships across Canada and the US with tracking.	https://www.esotico.ca/shop/p/ink-linear-squares-glass-valet-tray-rectangular	https://images.squarespace-cdn.com/content/v1/6abad52803349b0b45a823de/1790644349874-22C8PH4NRTLNLIX2NCS0/Ethnicraft_Ink_Layer_Glass_Valet_Tray_Rectangular_1.jpg?format=1500w	https://images.squarespace-cdn.com/content/v1/6abad52803349b0b45a823de/1790644350936-ND5HQO87L9DPSI493K8U/Ethnicraft_Ink_Layer_Glass_Valet_Tray_Rectangular_2.jpg?format=1500w,https://images.squarespace-cdn.com/content/v1/6abad52803349b0b45a823de/1790644352111-T466SCFDHPHGPNSQM2MO/Ethnicraft_Ink_Layer_Glass_Valet_Tray_Round_3_6d5ea96c-e6a4-4b6e-a6b1-1fe96c9b72d9.jpg?format=1500w,https://images.squarespace-cdn.com/content/v1/6abad52803349b0b45a823de/1790644353326-QY5CZ6A7IT5X9GJE1HGJ/Ethnicraft_Slate_Organic_Glass_Valet_Tray_Round_4_3dcb31da-b891-444a-a75f-dfff5122c90a.jpg?format=1500w,https://images.squarespace-cdn.com/content/v1/6abad52803349b0b45a823de/1790644354463-BTCEQOLB5JEE6MG7HMOD/Ethnicraft_Ink_Layer_Glass_Valet_Tray_Rectangular_3.jpg?format=1500w	117.00 CAD		in stock	new	Ethnicraft	Home > Home Décor	Home & Garden > Decor > Decorative Trays
20922	6abb1071cee48d5ed3f03a55	Ethnicraft Ink Linear Squares Glass Valet Tray – Round	Ink Linear Squares Glass Valet Tray, Round by Ethnicraft, the Belgian design house. Ships across Canada and the US with tracking.	https://www.esotico.ca/shop/p/ink-linear-squares-glass-valet-tray-round	https://images.squarespace-cdn.com/content/v1/6abad52803349b0b45a823de/1790644340763-BXCHZ52O9PNLZGBMTP43/Ethnicraft_Ink_Layer_Glass_Valet_Tray_Round_1.jpg?format=1500w	https://images.squarespace-cdn.com/content/v1/6abad52803349b0b45a823de/1790644341877-6S8SJ32WU41TRVOJK70S/Ethnicraft_Ink_Layer_Glass_Valet_Tray_Round_2.jpg?format=1500w,https://images.squarespace-cdn.com/content/v1/6abad52803349b0b45a823de/1790644343165-FDYVANEOW8DHLP8LSHF5/Ethnicraft_Ink_Layer_Glass_Valet_Tray_Round_3.jpg?format=1500w,https://images.squarespace-cdn.com/content/v1/6abad52803349b0b45a823de/1790644344445-XLGKB0130F2RZ86OVTE0/Ethnicraft_Ink_Layer_Glass_Valet_Tray_Rectangular_3_b98791a0-9cab-4ed5-af82-4cbcce929d0d.jpg?format=1500w,https://images.squarespace-cdn.com/content/v1/6abad52803349b0b45a823de/1790644345786-IZ4GTA3GBUN902VMTGG7/Ethnicraft_Slate_Organic_Glass_Valet_Tray_Round_4_99c0bce7-0d33-4197-83c7-9dc7dd554f3b.jpg?format=1500w	101.00 CAD		in stock	new	Ethnicraft	Home > Home Décor	Home & Garden > Decor > Decorative Trays
20927	6abb106af1bc361a7cabf7e2	Ethnicraft Royal Circles Glass Valet Tray – Round	Royal Circles Glass Valet Tray, Round by Ethnicraft, the Belgian design house. Ships across Canada and the US with tracking.	https://www.esotico.ca/shop/p/royal-circles-glass-valet-tray-round	https://images.squarespace-cdn.com/content/v1/6abad52803349b0b45a823de/1790644332784-PWBZGBNWD9OQTEH5K4L9/Ethnicraft_Royal_Circles_Valet_Tray_Round_1.jpg?format=1500w	https://images.squarespace-cdn.com/content/v1/6abad52803349b0b45a823de/1790644333882-MGGJJQ7QN3ECHV6T7A3Q/Ethnicraft_Royal_Circles_Valet_Tray_Round_2.jpg?format=1500w,https://images.squarespace-cdn.com/content/v1/6abad52803349b0b45a823de/1790644335119-Z7WIKJQP68311TC8TSSQ/Ethnicraft_Royal_Circles_Valet_Tray_Round_3.jpg?format=1500w,https://images.squarespace-cdn.com/content/v1/6abad52803349b0b45a823de/1790644336339-MGPUIKWSD262SMFBAGDU/Ethnicraft_Royal_Circles_Valet_Tray_Round_4.jpg?format=1500w	72.00 CAD		out of stock	new	Ethnicraft	Home > Home Décor	Home & Garden > Decor > Decorative Trays
20398	6abb1058f1bc361a7cabf7cd	Ethnicraft Charcoal Desk Organizer	Charcoal Desk Organizer by Ethnicraft, the Belgian design house. Ships across Canada and the US with tracking.	https://www.esotico.ca/shop/p/charcoal-desk-organizer	https://images.squarespace-cdn.com/content/v1/6abad52803349b0b45a823de/1790644314917-I5HTDVREEQU4Y4TA7UTL/Ethnicraft_Charcoal_Desk_Organizer_1.jpg?format=1500w	https://images.squarespace-cdn.com/content/v1/6abad52803349b0b45a823de/1790644316357-9RW4JF7D0181CBZRX25E/Ethnicraft_Charcoal_Desk_Organizer_2.jpg?format=1500w,https://images.squarespace-cdn.com/content/v1/6abad52803349b0b45a823de/1790644317649-0LLSNLMUZBHXZ0QU8F7W/Ethnicraft_Charcoal_Desk_Organizer_4.jpg?format=1500w,https://images.squarespace-cdn.com/content/v1/6abad52803349b0b45a823de/1790644318809-M03LQDEXAA6PWHS5W96G/Ethnicraft_Charcoal_Desk_Organizer_5.jpg?format=1500w,https://images.squarespace-cdn.com/content/v1/6abad52803349b0b45a823de/1790644319957-S74FTN8O168EWKMH4LVU/Ethnicraft_Charcoal_Desk_Organizer_6.jpg?format=1500w	214.00 CAD		in stock	new	Ethnicraft	Home > Home Décor	Office Supplies > Office Organization > Desk Organizers
21700	6abb1050d06c654358468deb	Ethnicraft Sand Nomad Kilim Rug, 67 x 94.5 in	Sand Nomad Kilim Rug by Ethnicraft, the Belgian design house. Ships across Canada and the US with tracking.	https://www.esotico.ca/shop/p/sand-nomad-kilim-rug	https://images.squarespace-cdn.com/content/v1/6abad52803349b0b45a823de/1790644306748-C6P0XSNHG02PDP131W1X/21700_Sand_Nomad_kilim_rug_front_cut_web.jpg?format=1500w	https://images.squarespace-cdn.com/content/v1/6abad52803349b0b45a823de/1790644308044-E3YZBZ4FU0MF53GQE868/Ethnicraft__Sand_Noman_Kilim_Rug_2.jpg?format=1500w,https://images.squarespace-cdn.com/content/v1/6abad52803349b0b45a823de/1790644309289-LF9UNHCOSU0KT6ISB1CE/Ethnicraft__Sand_Noman_Kilim_Rug_3.jpg?format=1500w,https://images.squarespace-cdn.com/content/v1/6abad52803349b0b45a823de/1790644310538-3IJHG2ZLXA1DZUY9I9F1/Ethnicraft__Sand_Noman_Kilim_Rug_4.jpg?format=1500w	2170.00 CAD		in stock	new	Ethnicraft	Home > Home Décor	Home & Garden > Decor > Rugs
21701	6abb1050d06c654358468deb	Ethnicraft Sand Nomad Kilim Rug, 79 x 118.5 in	Sand Nomad Kilim Rug by Ethnicraft, the Belgian design house. Ships across Canada and the US with tracking.	https://www.esotico.ca/shop/p/sand-nomad-kilim-rug	https://images.squarespace-cdn.com/content/v1/6abad52803349b0b45a823de/1790644306748-C6P0XSNHG02PDP131W1X/21700_Sand_Nomad_kilim_rug_front_cut_web.jpg?format=1500w	https://images.squarespace-cdn.com/content/v1/6abad52803349b0b45a823de/1790644308044-E3YZBZ4FU0MF53GQE868/Ethnicraft__Sand_Noman_Kilim_Rug_2.jpg?format=1500w,https://images.squarespace-cdn.com/content/v1/6abad52803349b0b45a823de/1790644309289-LF9UNHCOSU0KT6ISB1CE/Ethnicraft__Sand_Noman_Kilim_Rug_3.jpg?format=1500w,https://images.squarespace-cdn.com/content/v1/6abad52803349b0b45a823de/1790644310538-3IJHG2ZLXA1DZUY9I9F1/Ethnicraft__Sand_Noman_Kilim_Rug_4.jpg?format=1500w	3178.00 CAD		out of stock	new	Ethnicraft	Home > Home Décor	Home & Garden > Decor > Rugs
21703	6abb104af1bc361a7cabf7b6	Ethnicraft Grey Nomad Kilim Rug, 67 x 94.5 in	Grey Nomad Kilim Rug by Ethnicraft, the Belgian design house. Ships across Canada and the US with tracking.	https://www.esotico.ca/shop/p/grey-nomad-kilim-rug	https://images.squarespace-cdn.com/content/v1/6abad52803349b0b45a823de/1790644300689-4ZDDPGPL2D7V0J2Q6U0Y/Ethnicraft__Grey_Nomand_Kilim_Rug_1.jpg?format=1500w	https://images.squarespace-cdn.com/content/v1/6abad52803349b0b45a823de/1790644302018-1RGYJ67KB60B0N5C441V/Ethnicraft__Grey_Nomand_Kilim_Rug_2.jpg?format=1500w,https://images.squarespace-cdn.com/content/v1/6abad52803349b0b45a823de/1790644303033-LKOSAMX7CTK4VLSRQT3C/Ethnicraft__Grey_Nomand_Kilim_Rug_4.jpg?format=1500w	2170.00 CAD		in stock	new	Ethnicraft	Home > Home Décor	Home & Garden > Decor > Rugs
21704	6abb104af1bc361a7cabf7b6	Ethnicraft Grey Nomad Kilim Rug, 79 x 118.5 in	Grey Nomad Kilim Rug by Ethnicraft, the Belgian design house. Ships across Canada and the US with tracking.	https://www.esotico.ca/shop/p/grey-nomad-kilim-rug	https://images.squarespace-cdn.com/content/v1/6abad52803349b0b45a823de/1790644300689-4ZDDPGPL2D7V0J2Q6U0Y/Ethnicraft__Grey_Nomand_Kilim_Rug_1.jpg?format=1500w	https://images.squarespace-cdn.com/content/v1/6abad52803349b0b45a823de/1790644302018-1RGYJ67KB60B0N5C441V/Ethnicraft__Grey_Nomand_Kilim_Rug_2.jpg?format=1500w,https://images.squarespace-cdn.com/content/v1/6abad52803349b0b45a823de/1790644303033-LKOSAMX7CTK4VLSRQT3C/Ethnicraft__Grey_Nomand_Kilim_Rug_4.jpg?format=1500w	3178.00 CAD		in stock	new	Ethnicraft	Home > Home Décor	Home & Garden > Decor > Rugs
21713	6abb1036f1bc361a7cabf7ab	Ethnicraft Black Mazandaran Kilim Rug, 79 x 118.5 in	Black Mazandaran Kilim Rug by Ethnicraft, the Belgian design house. Ships across Canada and the US with tracking.	https://www.esotico.ca/shop/p/black-mazandaran-kilim-rug	https://images.squarespace-cdn.com/content/v1/6abad52803349b0b45a823de/1790644281446-1KVJ483TNFO8UX0UQZE9/Ethnicraft_Black_Mazandaran_Kilim_Rug_1.jpg?format=1500w	https://images.squarespace-cdn.com/content/v1/6abad52803349b0b45a823de/1790644282536-GPKH80WWS4LDN28JGRZM/Ethnicraft__Grey_Nomand_Kilim_Rug_2_8bb257fd-5972-419e-9d8c-214d88c8300f.jpg?format=1500w,https://images.squarespace-cdn.com/content/v1/6abad52803349b0b45a823de/1790644295830-JV15CMNQSQ0GJIMUQP63/Ethnicraft_Black_Mazandaran_Kilim_Rug_3.jpg?format=1500w,https://images.squarespace-cdn.com/content/v1/6abad52803349b0b45a823de/1790644297192-6QX8DWOKT4CGT5YVJFD2/Ethnicraft_Black_Mazandaran_Kilim_Rug_4.jpg?format=1500w	2315.00 CAD		in stock	new	Ethnicraft	Home > Home Décor	Home & Garden > Decor > Rugs
21714	6abb1036f1bc361a7cabf7ab	Ethnicraft Black Mazandaran Kilim Rug, 98.5 x 138 in	Black Mazandaran Kilim Rug by Ethnicraft, the Belgian design house. Ships across Canada and the US with tracking.	https://www.esotico.ca/shop/p/black-mazandaran-kilim-rug	https://images.squarespace-cdn.com/content/v1/6abad52803349b0b45a823de/1790644281446-1KVJ483TNFO8UX0UQZE9/Ethnicraft_Black_Mazandaran_Kilim_Rug_1.jpg?format=1500w	https://images.squarespace-cdn.com/content/v1/6abad52803349b0b45a823de/1790644282536-GPKH80WWS4LDN28JGRZM/Ethnicraft__Grey_Nomand_Kilim_Rug_2_8bb257fd-5972-419e-9d8c-214d88c8300f.jpg?format=1500w,https://images.squarespace-cdn.com/content/v1/6abad52803349b0b45a823de/1790644295830-JV15CMNQSQ0GJIMUQP63/Ethnicraft_Black_Mazandaran_Kilim_Rug_3.jpg?format=1500w,https://images.squarespace-cdn.com/content/v1/6abad52803349b0b45a823de/1790644297192-6QX8DWOKT4CGT5YVJFD2/Ethnicraft_Black_Mazandaran_Kilim_Rug_4.jpg?format=1500w	3389.00 CAD		in stock	new	Ethnicraft	Home > Home Décor	Home & Garden > Decor > Rugs
HNWAmbre	6abb102ecee48d5ed3f03a2b	Hypsoé Wooden Refillable Scented Candle – Natural, Ambre	Refillable scented candle by Hypsoé in a solid beech shell made by hand in France. 200 g, about 40 hours, eight scents. Ships across Canada and the US.	https://www.esotico.ca/shop/p/natural-wooden-scented-candle	https://images.squarespace-cdn.com/content/v1/6abad52803349b0b45a823de/13ee0248-3fc2-41a7-b9b5-237be8d2e945/Hypsoe_Wooden_Candle-centred.jpg?format=1500w	https://images.squarespace-cdn.com/content/v1/6abad52803349b0b45a823de/1790644274453-SS4OY0PIOTT8U5YTTMNL/Hypsoe_Wooden_Candle_2.jpg?format=1500w,https://images.squarespace-cdn.com/content/v1/6abad52803349b0b45a823de/1790644275621-84L8EU1OY2DI5SSRBJZZ/Hypsoe_Light_Grey_Stone_Candle_4_7a096f82-eb85-4177-9e72-c7cd50deac39.jpg?format=1500w,https://images.squarespace-cdn.com/content/v1/6abad52803349b0b45a823de/1790644276851-LUWTQSFKL2AE4SZB0J0R/Hypsoe_Wooden_Candle_3.jpg?format=1500w,https://images.squarespace-cdn.com/content/v1/6abad52803349b0b45a823de/1790644278064-YIJ362XN404XWKI21WGH/Hypsoe_Wooden_Candle_4.jpg?format=1500w	115.00 CAD		in stock	new	Hypsoé	Home > Home Fragrance	Home & Garden > Decor > Home Fragrances
HNWBoreal	6abb102ecee48d5ed3f03a2b	Hypsoé Wooden Refillable Scented Candle – Natural, Boreal	Refillable scented candle by Hypsoé in a solid beech shell made by hand in France. 200 g, about 40 hours, eight scents. Ships across Canada and the US.	https://www.esotico.ca/shop/p/natural-wooden-scented-candle	https://images.squarespace-cdn.com/content/v1/6abad52803349b0b45a823de/13ee0248-3fc2-41a7-b9b5-237be8d2e945/Hypsoe_Wooden_Candle-centred.jpg?format=1500w	https://images.squarespace-cdn.com/content/v1/6abad52803349b0b45a823de/1790644274453-SS4OY0PIOTT8U5YTTMNL/Hypsoe_Wooden_Candle_2.jpg?format=1500w,https://images.squarespace-cdn.com/content/v1/6abad52803349b0b45a823de/1790644275621-84L8EU1OY2DI5SSRBJZZ/Hypsoe_Light_Grey_Stone_Candle_4_7a096f82-eb85-4177-9e72-c7cd50deac39.jpg?format=1500w,https://images.squarespace-cdn.com/content/v1/6abad52803349b0b45a823de/1790644276851-LUWTQSFKL2AE4SZB0J0R/Hypsoe_Wooden_Candle_3.jpg?format=1500w,https://images.squarespace-cdn.com/content/v1/6abad52803349b0b45a823de/1790644278064-YIJ362XN404XWKI21WGH/Hypsoe_Wooden_Candle_4.jpg?format=1500w	115.00 CAD		in stock	new	Hypsoé	Home > Home Fragrance	Home & Garden > Decor > Home Fragrances
HNWCachemire	6abb102ecee48d5ed3f03a2b	Hypsoé Wooden Refillable Scented Candle – Natural, Cachemire	Refillable scented candle by Hypsoé in a solid beech shell made by hand in France. 200 g, about 40 hours, eight scents. Ships across Canada and the US.	https://www.esotico.ca/shop/p/natural-wooden-scented-candle	https://images.squarespace-cdn.com/content/v1/6abad52803349b0b45a823de/13ee0248-3fc2-41a7-b9b5-237be8d2e945/Hypsoe_Wooden_Candle-centred.jpg?format=1500w	https://images.squarespace-cdn.com/content/v1/6abad52803349b0b45a823de/1790644274453-SS4OY0PIOTT8U5YTTMNL/Hypsoe_Wooden_Candle_2.jpg?format=1500w,https://images.squarespace-cdn.com/content/v1/6abad52803349b0b45a823de/1790644275621-84L8EU1OY2DI5SSRBJZZ/Hypsoe_Light_Grey_Stone_Candle_4_7a096f82-eb85-4177-9e72-c7cd50deac39.jpg?format=1500w,https://images.squarespace-cdn.com/content/v1/6abad52803349b0b45a823de/1790644276851-LUWTQSFKL2AE4SZB0J0R/Hypsoe_Wooden_Candle_3.jpg?format=1500w,https://images.squarespace-cdn.com/content/v1/6abad52803349b0b45a823de/1790644278064-YIJ362XN404XWKI21WGH/Hypsoe_Wooden_Candle_4.jpg?format=1500w	115.00 CAD		in stock	new	Hypsoé	Home > Home Fragrance	Home & Garden > Decor > Home Fragrances
HNWLounge	6abb102ecee48d5ed3f03a2b	Hypsoé Wooden Refillable Scented Candle – Natural, Lounge	Refillable scented candle by Hypsoé in a solid beech shell made by hand in France. 200 g, about 40 hours, eight scents. Ships across Canada and the US.	https://www.esotico.ca/shop/p/natural-wooden-scented-candle	https://images.squarespace-cdn.com/content/v1/6abad52803349b0b45a823de/13ee0248-3fc2-41a7-b9b5-237be8d2e945/Hypsoe_Wooden_Candle-centred.jpg?format=1500w	https://images.squarespace-cdn.com/content/v1/6abad52803349b0b45a823de/1790644274453-SS4OY0PIOTT8U5YTTMNL/Hypsoe_Wooden_Candle_2.jpg?format=1500w,https://images.squarespace-cdn.com/content/v1/6abad52803349b0b45a823de/1790644275621-84L8EU1OY2DI5SSRBJZZ/Hypsoe_Light_Grey_Stone_Candle_4_7a096f82-eb85-4177-9e72-c7cd50deac39.jpg?format=1500w,https://images.squarespace-cdn.com/content/v1/6abad52803349b0b45a823de/1790644276851-LUWTQSFKL2AE4SZB0J0R/Hypsoe_Wooden_Candle_3.jpg?format=1500w,https://images.squarespace-cdn.com/content/v1/6abad52803349b0b45a823de/1790644278064-YIJ362XN404XWKI21WGH/Hypsoe_Wooden_Candle_4.jpg?format=1500w	115.00 CAD		in stock	new	Hypsoé	Home > Home Fragrance	Home & Garden > Decor > Home Fragrances
HNWOrJaune	6abb102ecee48d5ed3f03a2b	Hypsoé Wooden Refillable Scented Candle – Natural, Or Jaune	Refillable scented candle by Hypsoé in a solid beech shell made by hand in France. 200 g, about 40 hours, eight scents. Ships across Canada and the US.	https://www.esotico.ca/shop/p/natural-wooden-scented-candle	https://images.squarespace-cdn.com/content/v1/6abad52803349b0b45a823de/13ee0248-3fc2-41a7-b9b5-237be8d2e945/Hypsoe_Wooden_Candle-centred.jpg?format=1500w	https://images.squarespace-cdn.com/content/v1/6abad52803349b0b45a823de/1790644274453-SS4OY0PIOTT8U5YTTMNL/Hypsoe_Wooden_Candle_2.jpg?format=1500w,https://images.squarespace-cdn.com/content/v1/6abad52803349b0b45a823de/1790644275621-84L8EU1OY2DI5SSRBJZZ/Hypsoe_Light_Grey_Stone_Candle_4_7a096f82-eb85-4177-9e72-c7cd50deac39.jpg?format=1500w,https://images.squarespace-cdn.com/content/v1/6abad52803349b0b45a823de/1790644276851-LUWTQSFKL2AE4SZB0J0R/Hypsoe_Wooden_Candle_3.jpg?format=1500w,https://images.squarespace-cdn.com/content/v1/6abad52803349b0b45a823de/1790644278064-YIJ362XN404XWKI21WGH/Hypsoe_Wooden_Candle_4.jpg?format=1500w	115.00 CAD		in stock	new	Hypsoé	Home > Home Fragrance	Home & Garden > Decor > Home Fragrances
HNWORrose	6abb102ecee48d5ed3f03a2b	Hypsoé Wooden Refillable Scented Candle – Natural, Or Rose	Refillable scented candle by Hypsoé in a solid beech shell made by hand in France. 200 g, about 40 hours, eight scents. Ships across Canada and the US.	https://www.esotico.ca/shop/p/natural-wooden-scented-candle	https://images.squarespace-cdn.com/content/v1/6abad52803349b0b45a823de/13ee0248-3fc2-41a7-b9b5-237be8d2e945/Hypsoe_Wooden_Candle-centred.jpg?format=1500w	https://images.squarespace-cdn.com/content/v1/6abad52803349b0b45a823de/1790644274453-SS4OY0PIOTT8U5YTTMNL/Hypsoe_Wooden_Candle_2.jpg?format=1500w,https://images.squarespace-cdn.com/content/v1/6abad52803349b0b45a823de/1790644275621-84L8EU1OY2DI5SSRBJZZ/Hypsoe_Light_Grey_Stone_Candle_4_7a096f82-eb85-4177-9e72-c7cd50deac39.jpg?format=1500w,https://images.squarespace-cdn.com/content/v1/6abad52803349b0b45a823de/1790644276851-LUWTQSFKL2AE4SZB0J0R/Hypsoe_Wooden_Candle_3.jpg?format=1500w,https://images.squarespace-cdn.com/content/v1/6abad52803349b0b45a823de/1790644278064-YIJ362XN404XWKI21WGH/Hypsoe_Wooden_Candle_4.jpg?format=1500w	115.00 CAD		in stock	new	Hypsoé	Home > Home Fragrance	Home & Garden > Decor > Home Fragrances
HNWBourban	6abb102ecee48d5ed3f03a2b	Hypsoé Wooden Refillable Scented Candle – Natural, Thé Bourbon	Refillable scented candle by Hypsoé in a solid beech shell made by hand in France. 200 g, about 40 hours, eight scents. Ships across Canada and the US.	https://www.esotico.ca/shop/p/natural-wooden-scented-candle	https://images.squarespace-cdn.com/content/v1/6abad52803349b0b45a823de/13ee0248-3fc2-41a7-b9b5-237be8d2e945/Hypsoe_Wooden_Candle-centred.jpg?format=1500w	https://images.squarespace-cdn.com/content/v1/6abad52803349b0b45a823de/1790644274453-SS4OY0PIOTT8U5YTTMNL/Hypsoe_Wooden_Candle_2.jpg?format=1500w,https://images.squarespace-cdn.com/content/v1/6abad52803349b0b45a823de/1790644275621-84L8EU1OY2DI5SSRBJZZ/Hypsoe_Light_Grey_Stone_Candle_4_7a096f82-eb85-4177-9e72-c7cd50deac39.jpg?format=1500w,https://images.squarespace-cdn.com/content/v1/6abad52803349b0b45a823de/1790644276851-LUWTQSFKL2AE4SZB0J0R/Hypsoe_Wooden_Candle_3.jpg?format=1500w,https://images.squarespace-cdn.com/content/v1/6abad52803349b0b45a823de/1790644278064-YIJ362XN404XWKI21WGH/Hypsoe_Wooden_Candle_4.jpg?format=1500w	115.00 CAD		in stock	new	Hypsoé	Home > Home Fragrance	Home & Garden > Decor > Home Fragrances
HNWVelvet	6abb102ecee48d5ed3f03a2b	Hypsoé Wooden Refillable Scented Candle – Natural, Velvet	Refillable scented candle by Hypsoé in a solid beech shell made by hand in France. 200 g, about 40 hours, eight scents. Ships across Canada and the US.	https://www.esotico.ca/shop/p/natural-wooden-scented-candle	https://images.squarespace-cdn.com/content/v1/6abad52803349b0b45a823de/13ee0248-3fc2-41a7-b9b5-237be8d2e945/Hypsoe_Wooden_Candle-centred.jpg?format=1500w	https://images.squarespace-cdn.com/content/v1/6abad52803349b0b45a823de/1790644274453-SS4OY0PIOTT8U5YTTMNL/Hypsoe_Wooden_Candle_2.jpg?format=1500w,https://images.squarespace-cdn.com/content/v1/6abad52803349b0b45a823de/1790644275621-84L8EU1OY2DI5SSRBJZZ/Hypsoe_Light_Grey_Stone_Candle_4_7a096f82-eb85-4177-9e72-c7cd50deac39.jpg?format=1500w,https://images.squarespace-cdn.com/content/v1/6abad52803349b0b45a823de/1790644276851-LUWTQSFKL2AE4SZB0J0R/Hypsoe_Wooden_Candle_3.jpg?format=1500w,https://images.squarespace-cdn.com/content/v1/6abad52803349b0b45a823de/1790644278064-YIJ362XN404XWKI21WGH/Hypsoe_Wooden_Candle_4.jpg?format=1500w	115.00 CAD		in stock	new	Hypsoé	Home > Home Fragrance	Home & Garden > Decor > Home Fragrances
HBWAmbre	6abb1024d06c654358468dc0	Hypsoé Wooden Refillable Scented Candle – Black, Ambre	Refillable scented candle by Hypsoé in a black beech shell made by hand in France. 200 g, about 40 hours, eight scents. Ships across Canada and the US.	https://www.esotico.ca/shop/p/black-wooden-scented-candle	https://images.squarespace-cdn.com/content/v1/6abad52803349b0b45a823de/d9b417d0-cdb6-4fe2-909c-a201493b7eb1/Hypsoe_Black_Wooden_Candle-centred.jpg?format=1500w	https://images.squarespace-cdn.com/content/v1/6abad52803349b0b45a823de/1790644264871-NP34JXH37CNVKIRKAY6W/Hypsoe_Black_Wooden_Candle_6.jpg?format=1500w,https://images.squarespace-cdn.com/content/v1/6abad52803349b0b45a823de/1790644265909-UMS1RUAPDJM3XHZCEETU/Hypsoe_Black_Wooden_Candle_4.jpg?format=1500w,https://images.squarespace-cdn.com/content/v1/6abad52803349b0b45a823de/1790644267044-5STLXYIONHTIXODGUJ2Q/Hypsoe_Light_Grey_Stone_Candle_5_f02b9243-442e-49ee-91d9-54d1051a1a3a.jpg?format=1500w,https://images.squarespace-cdn.com/content/v1/6abad52803349b0b45a823de/1790644268329-WXTETLOZUNDG1KAQ1UBS/Hypsoe_Black_Wooden_Candle_2.jpg?format=1500w,https://images.squarespace-cdn.com/content/v1/6abad52803349b0b45a823de/1790644269428-YGLL6FPTKHE6W1X2ZEFG/Hypsoe_Black_Wooden_Candle_3.jpg?format=1500w	115.00 CAD		in stock	new	Hypsoé	Home > Home Fragrance	Home & Garden > Decor > Home Fragrances
HBWBoreal	6abb1024d06c654358468dc0	Hypsoé Wooden Refillable Scented Candle – Black, Boreal	Refillable scented candle by Hypsoé in a black beech shell made by hand in France. 200 g, about 40 hours, eight scents. Ships across Canada and the US.	https://www.esotico.ca/shop/p/black-wooden-scented-candle	https://images.squarespace-cdn.com/content/v1/6abad52803349b0b45a823de/d9b417d0-cdb6-4fe2-909c-a201493b7eb1/Hypsoe_Black_Wooden_Candle-centred.jpg?format=1500w	https://images.squarespace-cdn.com/content/v1/6abad52803349b0b45a823de/1790644264871-NP34JXH37CNVKIRKAY6W/Hypsoe_Black_Wooden_Candle_6.jpg?format=1500w,https://images.squarespace-cdn.com/content/v1/6abad52803349b0b45a823de/1790644265909-UMS1RUAPDJM3XHZCEETU/Hypsoe_Black_Wooden_Candle_4.jpg?format=1500w,https://images.squarespace-cdn.com/content/v1/6abad52803349b0b45a823de/1790644267044-5STLXYIONHTIXODGUJ2Q/Hypsoe_Light_Grey_Stone_Candle_5_f02b9243-442e-49ee-91d9-54d1051a1a3a.jpg?format=1500w,https://images.squarespace-cdn.com/content/v1/6abad52803349b0b45a823de/1790644268329-WXTETLOZUNDG1KAQ1UBS/Hypsoe_Black_Wooden_Candle_2.jpg?format=1500w,https://images.squarespace-cdn.com/content/v1/6abad52803349b0b45a823de/1790644269428-YGLL6FPTKHE6W1X2ZEFG/Hypsoe_Black_Wooden_Candle_3.jpg?format=1500w	115.00 CAD		in stock	new	Hypsoé	Home > Home Fragrance	Home & Garden > Decor > Home Fragrances
HBWCachemire	6abb1024d06c654358468dc0	Hypsoé Wooden Refillable Scented Candle – Black, Cachemire	Refillable scented candle by Hypsoé in a black beech shell made by hand in France. 200 g, about 40 hours, eight scents. Ships across Canada and the US.	https://www.esotico.ca/shop/p/black-wooden-scented-candle	https://images.squarespace-cdn.com/content/v1/6abad52803349b0b45a823de/d9b417d0-cdb6-4fe2-909c-a201493b7eb1/Hypsoe_Black_Wooden_Candle-centred.jpg?format=1500w	https://images.squarespace-cdn.com/content/v1/6abad52803349b0b45a823de/1790644264871-NP34JXH37CNVKIRKAY6W/Hypsoe_Black_Wooden_Candle_6.jpg?format=1500w,https://images.squarespace-cdn.com/content/v1/6abad52803349b0b45a823de/1790644265909-UMS1RUAPDJM3XHZCEETU/Hypsoe_Black_Wooden_Candle_4.jpg?format=1500w,https://images.squarespace-cdn.com/content/v1/6abad52803349b0b45a823de/1790644267044-5STLXYIONHTIXODGUJ2Q/Hypsoe_Light_Grey_Stone_Candle_5_f02b9243-442e-49ee-91d9-54d1051a1a3a.jpg?format=1500w,https://images.squarespace-cdn.com/content/v1/6abad52803349b0b45a823de/1790644268329-WXTETLOZUNDG1KAQ1UBS/Hypsoe_Black_Wooden_Candle_2.jpg?format=1500w,https://images.squarespace-cdn.com/content/v1/6abad52803349b0b45a823de/1790644269428-YGLL6FPTKHE6W1X2ZEFG/Hypsoe_Black_Wooden_Candle_3.jpg?format=1500w	115.00 CAD		in stock	new	Hypsoé	Home > Home Fragrance	Home & Garden > Decor > Home Fragrances
HBWLounge	6abb1024d06c654358468dc0	Hypsoé Wooden Refillable Scented Candle – Black, Lounge	Refillable scented candle by Hypsoé in a black beech shell made by hand in France. 200 g, about 40 hours, eight scents. Ships across Canada and the US.	https://www.esotico.ca/shop/p/black-wooden-scented-candle	https://images.squarespace-cdn.com/content/v1/6abad52803349b0b45a823de/d9b417d0-cdb6-4fe2-909c-a201493b7eb1/Hypsoe_Black_Wooden_Candle-centred.jpg?format=1500w	https://images.squarespace-cdn.com/content/v1/6abad52803349b0b45a823de/1790644264871-NP34JXH37CNVKIRKAY6W/Hypsoe_Black_Wooden_Candle_6.jpg?format=1500w,https://images.squarespace-cdn.com/content/v1/6abad52803349b0b45a823de/1790644265909-UMS1RUAPDJM3XHZCEETU/Hypsoe_Black_Wooden_Candle_4.jpg?format=1500w,https://images.squarespace-cdn.com/content/v1/6abad52803349b0b45a823de/1790644267044-5STLXYIONHTIXODGUJ2Q/Hypsoe_Light_Grey_Stone_Candle_5_f02b9243-442e-49ee-91d9-54d1051a1a3a.jpg?format=1500w,https://images.squarespace-cdn.com/content/v1/6abad52803349b0b45a823de/1790644268329-WXTETLOZUNDG1KAQ1UBS/Hypsoe_Black_Wooden_Candle_2.jpg?format=1500w,https://images.squarespace-cdn.com/content/v1/6abad52803349b0b45a823de/1790644269428-YGLL6FPTKHE6W1X2ZEFG/Hypsoe_Black_Wooden_Candle_3.jpg?format=1500w	115.00 CAD		in stock	new	Hypsoé	Home > Home Fragrance	Home & Garden > Decor > Home Fragrances
HBWOrJaune	6abb1024d06c654358468dc0	Hypsoé Wooden Refillable Scented Candle – Black, Or Jaune	Refillable scented candle by Hypsoé in a black beech shell made by hand in France. 200 g, about 40 hours, eight scents. Ships across Canada and the US.	https://www.esotico.ca/shop/p/black-wooden-scented-candle	https://images.squarespace-cdn.com/content/v1/6abad52803349b0b45a823de/d9b417d0-cdb6-4fe2-909c-a201493b7eb1/Hypsoe_Black_Wooden_Candle-centred.jpg?format=1500w	https://images.squarespace-cdn.com/content/v1/6abad52803349b0b45a823de/1790644264871-NP34JXH37CNVKIRKAY6W/Hypsoe_Black_Wooden_Candle_6.jpg?format=1500w,https://images.squarespace-cdn.com/content/v1/6abad52803349b0b45a823de/1790644265909-UMS1RUAPDJM3XHZCEETU/Hypsoe_Black_Wooden_Candle_4.jpg?format=1500w,https://images.squarespace-cdn.com/content/v1/6abad52803349b0b45a823de/1790644267044-5STLXYIONHTIXODGUJ2Q/Hypsoe_Light_Grey_Stone_Candle_5_f02b9243-442e-49ee-91d9-54d1051a1a3a.jpg?format=1500w,https://images.squarespace-cdn.com/content/v1/6abad52803349b0b45a823de/1790644268329-WXTETLOZUNDG1KAQ1UBS/Hypsoe_Black_Wooden_Candle_2.jpg?format=1500w,https://images.squarespace-cdn.com/content/v1/6abad52803349b0b45a823de/1790644269428-YGLL6FPTKHE6W1X2ZEFG/Hypsoe_Black_Wooden_Candle_3.jpg?format=1500w	115.00 CAD		in stock	new	Hypsoé	Home > Home Fragrance	Home & Garden > Decor > Home Fragrances
HBWORrose	6abb1024d06c654358468dc0	Hypsoé Wooden Refillable Scented Candle – Black, Or Rose	Refillable scented candle by Hypsoé in a black beech shell made by hand in France. 200 g, about 40 hours, eight scents. Ships across Canada and the US.	https://www.esotico.ca/shop/p/black-wooden-scented-candle	https://images.squarespace-cdn.com/content/v1/6abad52803349b0b45a823de/d9b417d0-cdb6-4fe2-909c-a201493b7eb1/Hypsoe_Black_Wooden_Candle-centred.jpg?format=1500w	https://images.squarespace-cdn.com/content/v1/6abad52803349b0b45a823de/1790644264871-NP34JXH37CNVKIRKAY6W/Hypsoe_Black_Wooden_Candle_6.jpg?format=1500w,https://images.squarespace-cdn.com/content/v1/6abad52803349b0b45a823de/1790644265909-UMS1RUAPDJM3XHZCEETU/Hypsoe_Black_Wooden_Candle_4.jpg?format=1500w,https://images.squarespace-cdn.com/content/v1/6abad52803349b0b45a823de/1790644267044-5STLXYIONHTIXODGUJ2Q/Hypsoe_Light_Grey_Stone_Candle_5_f02b9243-442e-49ee-91d9-54d1051a1a3a.jpg?format=1500w,https://images.squarespace-cdn.com/content/v1/6abad52803349b0b45a823de/1790644268329-WXTETLOZUNDG1KAQ1UBS/Hypsoe_Black_Wooden_Candle_2.jpg?format=1500w,https://images.squarespace-cdn.com/content/v1/6abad52803349b0b45a823de/1790644269428-YGLL6FPTKHE6W1X2ZEFG/Hypsoe_Black_Wooden_Candle_3.jpg?format=1500w	115.00 CAD		in stock	new	Hypsoé	Home > Home Fragrance	Home & Garden > Decor > Home Fragrances
HBWBourban	6abb1024d06c654358468dc0	Hypsoé Wooden Refillable Scented Candle – Black, Thé Bourbon	Refillable scented candle by Hypsoé in a black beech shell made by hand in France. 200 g, about 40 hours, eight scents. Ships across Canada and the US.	https://www.esotico.ca/shop/p/black-wooden-scented-candle	https://images.squarespace-cdn.com/content/v1/6abad52803349b0b45a823de/d9b417d0-cdb6-4fe2-909c-a201493b7eb1/Hypsoe_Black_Wooden_Candle-centred.jpg?format=1500w	https://images.squarespace-cdn.com/content/v1/6abad52803349b0b45a823de/1790644264871-NP34JXH37CNVKIRKAY6W/Hypsoe_Black_Wooden_Candle_6.jpg?format=1500w,https://images.squarespace-cdn.com/content/v1/6abad52803349b0b45a823de/1790644265909-UMS1RUAPDJM3XHZCEETU/Hypsoe_Black_Wooden_Candle_4.jpg?format=1500w,https://images.squarespace-cdn.com/content/v1/6abad52803349b0b45a823de/1790644267044-5STLXYIONHTIXODGUJ2Q/Hypsoe_Light_Grey_Stone_Candle_5_f02b9243-442e-49ee-91d9-54d1051a1a3a.jpg?format=1500w,https://images.squarespace-cdn.com/content/v1/6abad52803349b0b45a823de/1790644268329-WXTETLOZUNDG1KAQ1UBS/Hypsoe_Black_Wooden_Candle_2.jpg?format=1500w,https://images.squarespace-cdn.com/content/v1/6abad52803349b0b45a823de/1790644269428-YGLL6FPTKHE6W1X2ZEFG/Hypsoe_Black_Wooden_Candle_3.jpg?format=1500w	115.00 CAD		in stock	new	Hypsoé	Home > Home Fragrance	Home & Garden > Decor > Home Fragrances
HBWVelvet	6abb1024d06c654358468dc0	Hypsoé Wooden Refillable Scented Candle – Black, Velvet	Refillable scented candle by Hypsoé in a black beech shell made by hand in France. 200 g, about 40 hours, eight scents. Ships across Canada and the US.	https://www.esotico.ca/shop/p/black-wooden-scented-candle	https://images.squarespace-cdn.com/content/v1/6abad52803349b0b45a823de/d9b417d0-cdb6-4fe2-909c-a201493b7eb1/Hypsoe_Black_Wooden_Candle-centred.jpg?format=1500w	https://images.squarespace-cdn.com/content/v1/6abad52803349b0b45a823de/1790644264871-NP34JXH37CNVKIRKAY6W/Hypsoe_Black_Wooden_Candle_6.jpg?format=1500w,https://images.squarespace-cdn.com/content/v1/6abad52803349b0b45a823de/1790644265909-UMS1RUAPDJM3XHZCEETU/Hypsoe_Black_Wooden_Candle_4.jpg?format=1500w,https://images.squarespace-cdn.com/content/v1/6abad52803349b0b45a823de/1790644267044-5STLXYIONHTIXODGUJ2Q/Hypsoe_Light_Grey_Stone_Candle_5_f02b9243-442e-49ee-91d9-54d1051a1a3a.jpg?format=1500w,https://images.squarespace-cdn.com/content/v1/6abad52803349b0b45a823de/1790644268329-WXTETLOZUNDG1KAQ1UBS/Hypsoe_Black_Wooden_Candle_2.jpg?format=1500w,https://images.squarespace-cdn.com/content/v1/6abad52803349b0b45a823de/1790644269428-YGLL6FPTKHE6W1X2ZEFG/Hypsoe_Black_Wooden_Candle_3.jpg?format=1500w	115.00 CAD		in stock	new	Hypsoé	Home > Home Fragrance	Home & Garden > Decor > Home Fragrances
HLGAmbre	6abb101bd06c654358468dbd	Hypsoé Concrete Refillable Scented Candle – Light Grey, Ambre	Refillable scented candle by Hypsoé in a hand-sanded concrete shell made in France. 200 g, about 40 hours, eight scents. Ships across Canada and the US.	https://www.esotico.ca/shop/p/light-grey-dolmen-refillable-scented-candle	https://images.squarespace-cdn.com/content/v1/6abad52803349b0b45a823de/cb0a28a4-39af-4035-a262-c5ea8dcdc8d4/Hypsoe_Light_Grey_Stone_Candle_1-centred.jpg?format=1500w	https://images.squarespace-cdn.com/content/v1/6abad52803349b0b45a823de/1790644256245-22XW1C6ZPDJTIRIDZD7O/Hypsoe_Light_Grey_Stone_Candle_3.jpg?format=1500w,https://images.squarespace-cdn.com/content/v1/6abad52803349b0b45a823de/1790644257405-K4RCPPWSH02FFIKXDM2W/Hypsoe_Light_Grey_Stone_Candle_4.jpg?format=1500w,https://images.squarespace-cdn.com/content/v1/6abad52803349b0b45a823de/1790644258624-CLFA5T9FAKMWGKAEHZ6L/Hypsoe_Light_Grey_Stone_Candle_5.jpg?format=1500w,https://images.squarespace-cdn.com/content/v1/6abad52803349b0b45a823de/1790644259770-PM5S55I8ILF0EJHXQYZ8/Hypsoe_Black_Wooden_Candle_3_cafcd207-2099-40c7-984f-b93d7b3d2ae6.jpg?format=1500w	115.00 CAD		in stock	new	Hypsoé	Home > Home Fragrance	Home & Garden > Decor > Home Fragrances
HLGBoreal	6abb101bd06c654358468dbd	Hypsoé Concrete Refillable Scented Candle – Light Grey, Boreal	Refillable scented candle by Hypsoé in a hand-sanded concrete shell made in France. 200 g, about 40 hours, eight scents. Ships across Canada and the US.	https://www.esotico.ca/shop/p/light-grey-dolmen-refillable-scented-candle	https://images.squarespace-cdn.com/content/v1/6abad52803349b0b45a823de/cb0a28a4-39af-4035-a262-c5ea8dcdc8d4/Hypsoe_Light_Grey_Stone_Candle_1-centred.jpg?format=1500w	https://images.squarespace-cdn.com/content/v1/6abad52803349b0b45a823de/1790644256245-22XW1C6ZPDJTIRIDZD7O/Hypsoe_Light_Grey_Stone_Candle_3.jpg?format=1500w,https://images.squarespace-cdn.com/content/v1/6abad52803349b0b45a823de/1790644257405-K4RCPPWSH02FFIKXDM2W/Hypsoe_Light_Grey_Stone_Candle_4.jpg?format=1500w,https://images.squarespace-cdn.com/content/v1/6abad52803349b0b45a823de/1790644258624-CLFA5T9FAKMWGKAEHZ6L/Hypsoe_Light_Grey_Stone_Candle_5.jpg?format=1500w,https://images.squarespace-cdn.com/content/v1/6abad52803349b0b45a823de/1790644259770-PM5S55I8ILF0EJHXQYZ8/Hypsoe_Black_Wooden_Candle_3_cafcd207-2099-40c7-984f-b93d7b3d2ae6.jpg?format=1500w	115.00 CAD		in stock	new	Hypsoé	Home > Home Fragrance	Home & Garden > Decor > Home Fragrances
HLGCachemire	6abb101bd06c654358468dbd	Hypsoé Concrete Refillable Scented Candle – Light Grey, Cachemire	Refillable scented candle by Hypsoé in a hand-sanded concrete shell made in France. 200 g, about 40 hours, eight scents. Ships across Canada and the US.	https://www.esotico.ca/shop/p/light-grey-dolmen-refillable-scented-candle	https://images.squarespace-cdn.com/content/v1/6abad52803349b0b45a823de/cb0a28a4-39af-4035-a262-c5ea8dcdc8d4/Hypsoe_Light_Grey_Stone_Candle_1-centred.jpg?format=1500w	https://images.squarespace-cdn.com/content/v1/6abad52803349b0b45a823de/1790644256245-22XW1C6ZPDJTIRIDZD7O/Hypsoe_Light_Grey_Stone_Candle_3.jpg?format=1500w,https://images.squarespace-cdn.com/content/v1/6abad52803349b0b45a823de/1790644257405-K4RCPPWSH02FFIKXDM2W/Hypsoe_Light_Grey_Stone_Candle_4.jpg?format=1500w,https://images.squarespace-cdn.com/content/v1/6abad52803349b0b45a823de/1790644258624-CLFA5T9FAKMWGKAEHZ6L/Hypsoe_Light_Grey_Stone_Candle_5.jpg?format=1500w,https://images.squarespace-cdn.com/content/v1/6abad52803349b0b45a823de/1790644259770-PM5S55I8ILF0EJHXQYZ8/Hypsoe_Black_Wooden_Candle_3_cafcd207-2099-40c7-984f-b93d7b3d2ae6.jpg?format=1500w	115.00 CAD		in stock	new	Hypsoé	Home > Home Fragrance	Home & Garden > Decor > Home Fragrances
HLGLounge	6abb101bd06c654358468dbd	Hypsoé Concrete Refillable Scented Candle – Light Grey, Lounge	Refillable scented candle by Hypsoé in a hand-sanded concrete shell made in France. 200 g, about 40 hours, eight scents. Ships across Canada and the US.	https://www.esotico.ca/shop/p/light-grey-dolmen-refillable-scented-candle	https://images.squarespace-cdn.com/content/v1/6abad52803349b0b45a823de/cb0a28a4-39af-4035-a262-c5ea8dcdc8d4/Hypsoe_Light_Grey_Stone_Candle_1-centred.jpg?format=1500w	https://images.squarespace-cdn.com/content/v1/6abad52803349b0b45a823de/1790644256245-22XW1C6ZPDJTIRIDZD7O/Hypsoe_Light_Grey_Stone_Candle_3.jpg?format=1500w,https://images.squarespace-cdn.com/content/v1/6abad52803349b0b45a823de/1790644257405-K4RCPPWSH02FFIKXDM2W/Hypsoe_Light_Grey_Stone_Candle_4.jpg?format=1500w,https://images.squarespace-cdn.com/content/v1/6abad52803349b0b45a823de/1790644258624-CLFA5T9FAKMWGKAEHZ6L/Hypsoe_Light_Grey_Stone_Candle_5.jpg?format=1500w,https://images.squarespace-cdn.com/content/v1/6abad52803349b0b45a823de/1790644259770-PM5S55I8ILF0EJHXQYZ8/Hypsoe_Black_Wooden_Candle_3_cafcd207-2099-40c7-984f-b93d7b3d2ae6.jpg?format=1500w	115.00 CAD		in stock	new	Hypsoé	Home > Home Fragrance	Home & Garden > Decor > Home Fragrances
HLGOrJaune	6abb101bd06c654358468dbd	Hypsoé Concrete Refillable Scented Candle – Light Grey, Or Jaune	Refillable scented candle by Hypsoé in a hand-sanded concrete shell made in France. 200 g, about 40 hours, eight scents. Ships across Canada and the US.	https://www.esotico.ca/shop/p/light-grey-dolmen-refillable-scented-candle	https://images.squarespace-cdn.com/content/v1/6abad52803349b0b45a823de/cb0a28a4-39af-4035-a262-c5ea8dcdc8d4/Hypsoe_Light_Grey_Stone_Candle_1-centred.jpg?format=1500w	https://images.squarespace-cdn.com/content/v1/6abad52803349b0b45a823de/1790644256245-22XW1C6ZPDJTIRIDZD7O/Hypsoe_Light_Grey_Stone_Candle_3.jpg?format=1500w,https://images.squarespace-cdn.com/content/v1/6abad52803349b0b45a823de/1790644257405-K4RCPPWSH02FFIKXDM2W/Hypsoe_Light_Grey_Stone_Candle_4.jpg?format=1500w,https://images.squarespace-cdn.com/content/v1/6abad52803349b0b45a823de/1790644258624-CLFA5T9FAKMWGKAEHZ6L/Hypsoe_Light_Grey_Stone_Candle_5.jpg?format=1500w,https://images.squarespace-cdn.com/content/v1/6abad52803349b0b45a823de/1790644259770-PM5S55I8ILF0EJHXQYZ8/Hypsoe_Black_Wooden_Candle_3_cafcd207-2099-40c7-984f-b93d7b3d2ae6.jpg?format=1500w	115.00 CAD		in stock	new	Hypsoé	Home > Home Fragrance	Home & Garden > Decor > Home Fragrances
HLGORrose	6abb101bd06c654358468dbd	Hypsoé Concrete Refillable Scented Candle – Light Grey, Or Rose	Refillable scented candle by Hypsoé in a hand-sanded concrete shell made in France. 200 g, about 40 hours, eight scents. Ships across Canada and the US.	https://www.esotico.ca/shop/p/light-grey-dolmen-refillable-scented-candle	https://images.squarespace-cdn.com/content/v1/6abad52803349b0b45a823de/cb0a28a4-39af-4035-a262-c5ea8dcdc8d4/Hypsoe_Light_Grey_Stone_Candle_1-centred.jpg?format=1500w	https://images.squarespace-cdn.com/content/v1/6abad52803349b0b45a823de/1790644256245-22XW1C6ZPDJTIRIDZD7O/Hypsoe_Light_Grey_Stone_Candle_3.jpg?format=1500w,https://images.squarespace-cdn.com/content/v1/6abad52803349b0b45a823de/1790644257405-K4RCPPWSH02FFIKXDM2W/Hypsoe_Light_Grey_Stone_Candle_4.jpg?format=1500w,https://images.squarespace-cdn.com/content/v1/6abad52803349b0b45a823de/1790644258624-CLFA5T9FAKMWGKAEHZ6L/Hypsoe_Light_Grey_Stone_Candle_5.jpg?format=1500w,https://images.squarespace-cdn.com/content/v1/6abad52803349b0b45a823de/1790644259770-PM5S55I8ILF0EJHXQYZ8/Hypsoe_Black_Wooden_Candle_3_cafcd207-2099-40c7-984f-b93d7b3d2ae6.jpg?format=1500w	115.00 CAD		in stock	new	Hypsoé	Home > Home Fragrance	Home & Garden > Decor > Home Fragrances
HLGBourban	6abb101bd06c654358468dbd	Hypsoé Concrete Refillable Scented Candle – Light Grey, Thé Bourbon	Refillable scented candle by Hypsoé in a hand-sanded concrete shell made in France. 200 g, about 40 hours, eight scents. Ships across Canada and the US.	https://www.esotico.ca/shop/p/light-grey-dolmen-refillable-scented-candle	https://images.squarespace-cdn.com/content/v1/6abad52803349b0b45a823de/cb0a28a4-39af-4035-a262-c5ea8dcdc8d4/Hypsoe_Light_Grey_Stone_Candle_1-centred.jpg?format=1500w	https://images.squarespace-cdn.com/content/v1/6abad52803349b0b45a823de/1790644256245-22XW1C6ZPDJTIRIDZD7O/Hypsoe_Light_Grey_Stone_Candle_3.jpg?format=1500w,https://images.squarespace-cdn.com/content/v1/6abad52803349b0b45a823de/1790644257405-K4RCPPWSH02FFIKXDM2W/Hypsoe_Light_Grey_Stone_Candle_4.jpg?format=1500w,https://images.squarespace-cdn.com/content/v1/6abad52803349b0b45a823de/1790644258624-CLFA5T9FAKMWGKAEHZ6L/Hypsoe_Light_Grey_Stone_Candle_5.jpg?format=1500w,https://images.squarespace-cdn.com/content/v1/6abad52803349b0b45a823de/1790644259770-PM5S55I8ILF0EJHXQYZ8/Hypsoe_Black_Wooden_Candle_3_cafcd207-2099-40c7-984f-b93d7b3d2ae6.jpg?format=1500w	115.00 CAD		in stock	new	Hypsoé	Home > Home Fragrance	Home & Garden > Decor > Home Fragrances
HLGVelvet	6abb101bd06c654358468dbd	Hypsoé Concrete Refillable Scented Candle – Light Grey, Velvet	Refillable scented candle by Hypsoé in a hand-sanded concrete shell made in France. 200 g, about 40 hours, eight scents. Ships across Canada and the US.	https://www.esotico.ca/shop/p/light-grey-dolmen-refillable-scented-candle	https://images.squarespace-cdn.com/content/v1/6abad52803349b0b45a823de/cb0a28a4-39af-4035-a262-c5ea8dcdc8d4/Hypsoe_Light_Grey_Stone_Candle_1-centred.jpg?format=1500w	https://images.squarespace-cdn.com/content/v1/6abad52803349b0b45a823de/1790644256245-22XW1C6ZPDJTIRIDZD7O/Hypsoe_Light_Grey_Stone_Candle_3.jpg?format=1500w,https://images.squarespace-cdn.com/content/v1/6abad52803349b0b45a823de/1790644257405-K4RCPPWSH02FFIKXDM2W/Hypsoe_Light_Grey_Stone_Candle_4.jpg?format=1500w,https://images.squarespace-cdn.com/content/v1/6abad52803349b0b45a823de/1790644258624-CLFA5T9FAKMWGKAEHZ6L/Hypsoe_Light_Grey_Stone_Candle_5.jpg?format=1500w,https://images.squarespace-cdn.com/content/v1/6abad52803349b0b45a823de/1790644259770-PM5S55I8ILF0EJHXQYZ8/Hypsoe_Black_Wooden_Candle_3_cafcd207-2099-40c7-984f-b93d7b3d2ae6.jpg?format=1500w	115.00 CAD		in stock	new	Hypsoé	Home > Home Fragrance	Home & Garden > Decor > Home Fragrances
HXLNWLounge	6abb1012f1bc361a7cabf78c	Hypsoé XL Wooden Refillable Scented Candle – Natural, Lounge	Refillable scented candle by Hypsoé in a solid acacia shell made by hand in France. 600 g, about 80 hours of burning. Ships across Canada and the US.	https://www.esotico.ca/shop/p/xl-natural-wooden-refillable-scented-candle	https://images.squarespace-cdn.com/content/v1/6abad52803349b0b45a823de/1790644245694-PBDM1LO5KC5Z8TSDZ86R/Hypsoe_XL_Wooden_ScentedCandle_1.jpg?format=1500w	https://images.squarespace-cdn.com/content/v1/6abad52803349b0b45a823de/1790644247382-CWLFZBJKJOO7JH7TZ4CR/Hypsoe_Light_Grey_Stone_Candle_5_4c6642c6-6bff-4b4c-a11f-dac2c276f1b0.jpg?format=1500w,https://images.squarespace-cdn.com/content/v1/6abad52803349b0b45a823de/1790644248694-SJN6WEML2VAM4YXI6YEU/Hypsoe_XL_Wooden_ScentedCandle_3.jpg?format=1500w,https://images.squarespace-cdn.com/content/v1/6abad52803349b0b45a823de/1790644249760-10XEIZQ996MIABTTDPY0/Hypsoe_XL_Wooden_ScentedCandle_4.jpg?format=1500w,https://images.squarespace-cdn.com/content/v1/6abad52803349b0b45a823de/1790644250840-54G6VZHBDFRVPO24DV13/Hypsoe_XL_Wooden_ScentedCandle_5.jpg?format=1500w	229.00 CAD		in stock	new	Hypsoé	Home > Home Fragrance	Home & Garden > Decor > Home Fragrances
HXLNWBoreal	6abb1012f1bc361a7cabf78c	Hypsoé XL Wooden Refillable Scented Candle – Natural, Boreal	Refillable scented candle by Hypsoé in a solid acacia shell made by hand in France. 600 g, about 80 hours of burning. Ships across Canada and the US.	https://www.esotico.ca/shop/p/xl-natural-wooden-refillable-scented-candle	https://images.squarespace-cdn.com/content/v1/6abad52803349b0b45a823de/1790644245694-PBDM1LO5KC5Z8TSDZ86R/Hypsoe_XL_Wooden_ScentedCandle_1.jpg?format=1500w	https://images.squarespace-cdn.com/content/v1/6abad52803349b0b45a823de/1790644247382-CWLFZBJKJOO7JH7TZ4CR/Hypsoe_Light_Grey_Stone_Candle_5_4c6642c6-6bff-4b4c-a11f-dac2c276f1b0.jpg?format=1500w,https://images.squarespace-cdn.com/content/v1/6abad52803349b0b45a823de/1790644248694-SJN6WEML2VAM4YXI6YEU/Hypsoe_XL_Wooden_ScentedCandle_3.jpg?format=1500w,https://images.squarespace-cdn.com/content/v1/6abad52803349b0b45a823de/1790644249760-10XEIZQ996MIABTTDPY0/Hypsoe_XL_Wooden_ScentedCandle_4.jpg?format=1500w,https://images.squarespace-cdn.com/content/v1/6abad52803349b0b45a823de/1790644250840-54G6VZHBDFRVPO24DV13/Hypsoe_XL_Wooden_ScentedCandle_5.jpg?format=1500w	229.00 CAD		in stock	new	Hypsoé	Home > Home Fragrance	Home & Garden > Decor > Home Fragrances
HXLNWOrJaune	6abb1012f1bc361a7cabf78c	Hypsoé XL Wooden Refillable Scented Candle – Natural, Or Jaune	Refillable scented candle by Hypsoé in a solid acacia shell made by hand in France. 600 g, about 80 hours of burning. Ships across Canada and the US.	https://www.esotico.ca/shop/p/xl-natural-wooden-refillable-scented-candle	https://images.squarespace-cdn.com/content/v1/6abad52803349b0b45a823de/1790644245694-PBDM1LO5KC5Z8TSDZ86R/Hypsoe_XL_Wooden_ScentedCandle_1.jpg?format=1500w	https://images.squarespace-cdn.com/content/v1/6abad52803349b0b45a823de/1790644247382-CWLFZBJKJOO7JH7TZ4CR/Hypsoe_Light_Grey_Stone_Candle_5_4c6642c6-6bff-4b4c-a11f-dac2c276f1b0.jpg?format=1500w,https://images.squarespace-cdn.com/content/v1/6abad52803349b0b45a823de/1790644248694-SJN6WEML2VAM4YXI6YEU/Hypsoe_XL_Wooden_ScentedCandle_3.jpg?format=1500w,https://images.squarespace-cdn.com/content/v1/6abad52803349b0b45a823de/1790644249760-10XEIZQ996MIABTTDPY0/Hypsoe_XL_Wooden_ScentedCandle_4.jpg?format=1500w,https://images.squarespace-cdn.com/content/v1/6abad52803349b0b45a823de/1790644250840-54G6VZHBDFRVPO24DV13/Hypsoe_XL_Wooden_ScentedCandle_5.jpg?format=1500w	229.00 CAD		in stock	new	Hypsoé	Home > Home Fragrance	Home & Garden > Decor > Home Fragrances
HXLBLounge	6abb100af1bc361a7cabf781	Hypsoé XL Wooden Refillable Scented Candle – Black, Lounge	Refillable scented candle by Hypsoé in a black acacia shell made by hand in France. 600 g, about 80 hours of burning. Ships across Canada and the US.	https://www.esotico.ca/shop/p/xl-black-wooden-refillable-scented-candle	https://images.squarespace-cdn.com/content/v1/6abad52803349b0b45a823de/1790644237072-CZ9ZZAIIV2SG9EMW68CE/Hypsoe_XL_BlackWooden_ScentedCandle_1.jpg?format=1500w	https://images.squarespace-cdn.com/content/v1/6abad52803349b0b45a823de/1790644238249-EG3O7V2NAFSSCM1FJGWT/Hypsoe_Light_Grey_Stone_Candle_4_3cd66d39-b121-4d78-885c-eb1cb168dd56.jpg?format=1500w,https://images.squarespace-cdn.com/content/v1/6abad52803349b0b45a823de/1790644239495-9TGPSR07HR7I37EVYNNC/Hypsoe_Black_Wooden_Candle_2_f02a5840-3a2b-45cb-8579-927100f8cb9a.jpg?format=1500w,https://images.squarespace-cdn.com/content/v1/6abad52803349b0b45a823de/1790644240902-Z8RMKMMIL681BI4QHJCA/Hypsoe_XL_Wooden_ScentedCandle_3_00e671ca-6461-4d01-87e2-89ed0452fddd.jpg?format=1500w,https://images.squarespace-cdn.com/content/v1/6abad52803349b0b45a823de/1790644241946-ZXVJL2L6K1KJFUGPPYCQ/Hypsoe_XL_Wooden_ScentedCandle_4_2981652b-8555-485b-8991-88395c7acdcb.jpg?format=1500w	229.00 CAD		in stock	new	Hypsoé	Home > Home Fragrance	Home & Garden > Decor > Home Fragrances
HXLBBoreal	6abb100af1bc361a7cabf781	Hypsoé XL Wooden Refillable Scented Candle – Black, Boreal	Refillable scented candle by Hypsoé in a black acacia shell made by hand in France. 600 g, about 80 hours of burning. Ships across Canada and the US.	https://www.esotico.ca/shop/p/xl-black-wooden-refillable-scented-candle	https://images.squarespace-cdn.com/content/v1/6abad52803349b0b45a823de/1790644237072-CZ9ZZAIIV2SG9EMW68CE/Hypsoe_XL_BlackWooden_ScentedCandle_1.jpg?format=1500w	https://images.squarespace-cdn.com/content/v1/6abad52803349b0b45a823de/1790644238249-EG3O7V2NAFSSCM1FJGWT/Hypsoe_Light_Grey_Stone_Candle_4_3cd66d39-b121-4d78-885c-eb1cb168dd56.jpg?format=1500w,https://images.squarespace-cdn.com/content/v1/6abad52803349b0b45a823de/1790644239495-9TGPSR07HR7I37EVYNNC/Hypsoe_Black_Wooden_Candle_2_f02a5840-3a2b-45cb-8579-927100f8cb9a.jpg?format=1500w,https://images.squarespace-cdn.com/content/v1/6abad52803349b0b45a823de/1790644240902-Z8RMKMMIL681BI4QHJCA/Hypsoe_XL_Wooden_ScentedCandle_3_00e671ca-6461-4d01-87e2-89ed0452fddd.jpg?format=1500w,https://images.squarespace-cdn.com/content/v1/6abad52803349b0b45a823de/1790644241946-ZXVJL2L6K1KJFUGPPYCQ/Hypsoe_XL_Wooden_ScentedCandle_4_2981652b-8555-485b-8991-88395c7acdcb.jpg?format=1500w	229.00 CAD		in stock	new	Hypsoé	Home > Home Fragrance	Home & Garden > Decor > Home Fragrances
HStickCopperTS	6abb0ffdee59385010a41aea	Hypsoé Still Table Candlesticks – Copper, 10.9 in, Shiny	Copper Still candlestick by Hypsoé: a hidden spring keeps the flame at the rim as the candle burns. Two heights, shiny or matte. Ships across Canada and the US.	https://www.esotico.ca/shop/p/copper-table-still-candlesticks	https://images.squarespace-cdn.com/content/v1/6abad52803349b0b45a823de/1790644224011-1O82AG4FDRAD63UIZGXW/hypsoe-Shiny-Copper-table-candlestick_1.jpg?format=1500w	https://images.squarespace-cdn.com/content/v1/6abad52803349b0b45a823de/1790644225077-UZL73Y16NRBEAYWFG3A5/hypsoe-Shiny-Copper-table-candlestick_tall.jpg?format=1500w,https://images.squarespace-cdn.com/content/v1/6abad52803349b0b45a823de/1790644226272-TTE7QGVVTSO35FGAEIG9/hypsoe-Shiny-Copper-table-candlestick_small_2a0afe0b-64df-416a-96a0-5de139274174.jpg?format=1500w,https://images.squarespace-cdn.com/content/v1/6abad52803349b0b45a823de/1790644227434-15F5YH07DGHJZCTMJEUV/hypsoe-Shiny-Copper-table-candlestick_4.jpg?format=1500w,https://images.squarespace-cdn.com/content/v1/6abad52803349b0b45a823de/1790644229050-AONM6GGS2Z9X23Y66DEB/Hypsoe-Table-Still-CandleSticks_LifeStyle_c677d431-650f-4964-9226-1cc6ebeb6b37.jpg?format=1500w,https://images.squarespace-cdn.com/content/v1/6abad52803349b0b45a823de/1790644230189-W36TZY6VCQMOURW95YE8/hypsoe-Matt-Copper-table-candlestick-1.jpg?format=1500w	59.99 CAD		in stock	new	Hypsoé	Home > Home Fragrance	Home & Garden > Decor > Candle Holders
HCStickCopperTM	6abb0ffdee59385010a41aea	Hypsoé Still Table Candlesticks – Copper, 10.9 in, Matte	Copper Still candlestick by Hypsoé: a hidden spring keeps the flame at the rim as the candle burns. Two heights, shiny or matte. Ships across Canada and the US.	https://www.esotico.ca/shop/p/copper-table-still-candlesticks	https://images.squarespace-cdn.com/content/v1/6abad52803349b0b45a823de/1790644224011-1O82AG4FDRAD63UIZGXW/hypsoe-Shiny-Copper-table-candlestick_1.jpg?format=1500w	https://images.squarespace-cdn.com/content/v1/6abad52803349b0b45a823de/1790644225077-UZL73Y16NRBEAYWFG3A5/hypsoe-Shiny-Copper-table-candlestick_tall.jpg?format=1500w,https://images.squarespace-cdn.com/content/v1/6abad52803349b0b45a823de/1790644226272-TTE7QGVVTSO35FGAEIG9/hypsoe-Shiny-Copper-table-candlestick_small_2a0afe0b-64df-416a-96a0-5de139274174.jpg?format=1500w,https://images.squarespace-cdn.com/content/v1/6abad52803349b0b45a823de/1790644227434-15F5YH07DGHJZCTMJEUV/hypsoe-Shiny-Copper-table-candlestick_4.jpg?format=1500w,https://images.squarespace-cdn.com/content/v1/6abad52803349b0b45a823de/1790644229050-AONM6GGS2Z9X23Y66DEB/Hypsoe-Table-Still-CandleSticks_LifeStyle_c677d431-650f-4964-9226-1cc6ebeb6b37.jpg?format=1500w,https://images.squarespace-cdn.com/content/v1/6abad52803349b0b45a823de/1790644230189-W36TZY6VCQMOURW95YE8/hypsoe-Matt-Copper-table-candlestick-1.jpg?format=1500w	59.99 CAD		in stock	new	Hypsoé	Home > Home Fragrance	Home & Garden > Decor > Candle Holders
HCStickCopperSS	6abb0ffdee59385010a41aea	Hypsoé Still Table Candlesticks – Copper, 9.3 in, Shiny	Copper Still candlestick by Hypsoé: a hidden spring keeps the flame at the rim as the candle burns. Two heights, shiny or matte. Ships across Canada and the US.	https://www.esotico.ca/shop/p/copper-table-still-candlesticks	https://images.squarespace-cdn.com/content/v1/6abad52803349b0b45a823de/1790644224011-1O82AG4FDRAD63UIZGXW/hypsoe-Shiny-Copper-table-candlestick_1.jpg?format=1500w	https://images.squarespace-cdn.com/content/v1/6abad52803349b0b45a823de/1790644225077-UZL73Y16NRBEAYWFG3A5/hypsoe-Shiny-Copper-table-candlestick_tall.jpg?format=1500w,https://images.squarespace-cdn.com/content/v1/6abad52803349b0b45a823de/1790644226272-TTE7QGVVTSO35FGAEIG9/hypsoe-Shiny-Copper-table-candlestick_small_2a0afe0b-64df-416a-96a0-5de139274174.jpg?format=1500w,https://images.squarespace-cdn.com/content/v1/6abad52803349b0b45a823de/1790644227434-15F5YH07DGHJZCTMJEUV/hypsoe-Shiny-Copper-table-candlestick_4.jpg?format=1500w,https://images.squarespace-cdn.com/content/v1/6abad52803349b0b45a823de/1790644229050-AONM6GGS2Z9X23Y66DEB/Hypsoe-Table-Still-CandleSticks_LifeStyle_c677d431-650f-4964-9226-1cc6ebeb6b37.jpg?format=1500w,https://images.squarespace-cdn.com/content/v1/6abad52803349b0b45a823de/1790644230189-W36TZY6VCQMOURW95YE8/hypsoe-Matt-Copper-table-candlestick-1.jpg?format=1500w	52.00 CAD		in stock	new	Hypsoé	Home > Home Fragrance	Home & Garden > Decor > Candle Holders
HCStickCopperSM	6abb0ffdee59385010a41aea	Hypsoé Still Table Candlesticks – Copper, 9.3 in, Matte	Copper Still candlestick by Hypsoé: a hidden spring keeps the flame at the rim as the candle burns. Two heights, shiny or matte. Ships across Canada and the US.	https://www.esotico.ca/shop/p/copper-table-still-candlesticks	https://images.squarespace-cdn.com/content/v1/6abad52803349b0b45a823de/1790644224011-1O82AG4FDRAD63UIZGXW/hypsoe-Shiny-Copper-table-candlestick_1.jpg?format=1500w	https://images.squarespace-cdn.com/content/v1/6abad52803349b0b45a823de/1790644225077-UZL73Y16NRBEAYWFG3A5/hypsoe-Shiny-Copper-table-candlestick_tall.jpg?format=1500w,https://images.squarespace-cdn.com/content/v1/6abad52803349b0b45a823de/1790644226272-TTE7QGVVTSO35FGAEIG9/hypsoe-Shiny-Copper-table-candlestick_small_2a0afe0b-64df-416a-96a0-5de139274174.jpg?format=1500w,https://images.squarespace-cdn.com/content/v1/6abad52803349b0b45a823de/1790644227434-15F5YH07DGHJZCTMJEUV/hypsoe-Shiny-Copper-table-candlestick_4.jpg?format=1500w,https://images.squarespace-cdn.com/content/v1/6abad52803349b0b45a823de/1790644229050-AONM6GGS2Z9X23Y66DEB/Hypsoe-Table-Still-CandleSticks_LifeStyle_c677d431-650f-4964-9226-1cc6ebeb6b37.jpg?format=1500w,https://images.squarespace-cdn.com/content/v1/6abad52803349b0b45a823de/1790644230189-W36TZY6VCQMOURW95YE8/hypsoe-Matt-Copper-table-candlestick-1.jpg?format=1500w	52.00 CAD		in stock	new	Hypsoé	Home > Home Fragrance	Home & Garden > Decor > Candle Holders
HStickBlackT	6abb0ff3f1bc361a7cabf770	Hypsoé Still Table Candlesticks – Black, 10.9 in	Black Still candlestick by Hypsoé: a hidden spring keeps the flame at the rim as the candle burns. Two heights. Ships across Canada and the US.	https://www.esotico.ca/shop/p/black-table-still-candlesticks	https://images.squarespace-cdn.com/content/v1/6abad52803349b0b45a823de/1790644214485-14M0512WMMJ5RV5QMSR7/hypsoe-Black-table-candlestick-2.jpg?format=1500w	https://images.squarespace-cdn.com/content/v1/6abad52803349b0b45a823de/1790644215625-8XJ5VZX195O2LHE0KZVK/hypsoe-Black-table-candlestick-tall.jpg?format=1500w,https://images.squarespace-cdn.com/content/v1/6abad52803349b0b45a823de/1790644216731-PFIGT0ET317PG2GWI9BY/hypsoe-Black-table-candlestick-small.jpg?format=1500w,https://images.squarespace-cdn.com/content/v1/6abad52803349b0b45a823de/1790644217913-2B9GL2AE9MQX5O45AFMT/hypsoe-Black-table-candlestick-1.jpg?format=1500w,https://images.squarespace-cdn.com/content/v1/6abad52803349b0b45a823de/1790644219153-Q7BEQ2KH8V8524C7OABM/Hypsoe-Table-Still-CandleSticks_LifeStyle_5a8a6ad2-11a8-4489-8f77-98a0b76eb96d.jpg?format=1500w,https://images.squarespace-cdn.com/content/v1/6abad52803349b0b45a823de/1790644220449-U9IIWQ6QE8PHV563C2CA/Hypsoe-bg-Table-Still-CandleSticks_LifeStyle_8ec49a5d-3ed9-47d2-b7e9-40c7bde19fc4.jpg?format=1500w	59.99 CAD		out of stock	new	Hypsoé	Home > Home Fragrance	Home & Garden > Decor > Candle Holders
HCStickBlackS	6abb0ff3f1bc361a7cabf770	Hypsoé Still Table Candlesticks – Black, 9.3 in	Black Still candlestick by Hypsoé: a hidden spring keeps the flame at the rim as the candle burns. Two heights. Ships across Canada and the US.	https://www.esotico.ca/shop/p/black-table-still-candlesticks	https://images.squarespace-cdn.com/content/v1/6abad52803349b0b45a823de/1790644214485-14M0512WMMJ5RV5QMSR7/hypsoe-Black-table-candlestick-2.jpg?format=1500w	https://images.squarespace-cdn.com/content/v1/6abad52803349b0b45a823de/1790644215625-8XJ5VZX195O2LHE0KZVK/hypsoe-Black-table-candlestick-tall.jpg?format=1500w,https://images.squarespace-cdn.com/content/v1/6abad52803349b0b45a823de/1790644216731-PFIGT0ET317PG2GWI9BY/hypsoe-Black-table-candlestick-small.jpg?format=1500w,https://images.squarespace-cdn.com/content/v1/6abad52803349b0b45a823de/1790644217913-2B9GL2AE9MQX5O45AFMT/hypsoe-Black-table-candlestick-1.jpg?format=1500w,https://images.squarespace-cdn.com/content/v1/6abad52803349b0b45a823de/1790644219153-Q7BEQ2KH8V8524C7OABM/Hypsoe-Table-Still-CandleSticks_LifeStyle_5a8a6ad2-11a8-4489-8f77-98a0b76eb96d.jpg?format=1500w,https://images.squarespace-cdn.com/content/v1/6abad52803349b0b45a823de/1790644220449-U9IIWQ6QE8PHV563C2CA/Hypsoe-bg-Table-Still-CandleSticks_LifeStyle_8ec49a5d-3ed9-47d2-b7e9-40c7bde19fc4.jpg?format=1500w	52.00 CAD		out of stock	new	Hypsoé	Home > Home Fragrance	Home & Garden > Decor > Candle Holders
ART1382	6abb0fedd06c654358468d99	Evelyne Prélonge Faux Fur & Cashmere Scarf – Himalaya Pearl	Faux Fur & Cashmere Scarf, Himalaya Pearl by Evelyne Prélonge, fur-free French faux fur. Ships across Canada and the US with tracking.	https://www.esotico.ca/shop/p/faux-fur-cashmere-scarf-himalaya-pearl	https://images.squarespace-cdn.com/content/v1/6abad52803349b0b45a823de/1790644208008-K0EFL8RCD2PSNBQDKLGQ/CashmereShawl-Square-HimalayaPearl4.jpg?format=1500w	https://images.squarespace-cdn.com/content/v1/6abad52803349b0b45a823de/1790644209411-LWG6ZKW6AV707L9NIR9N/CashmereShawl-Square-HimalayaPearl.jpg?format=1500w,https://images.squarespace-cdn.com/content/v1/6abad52803349b0b45a823de/1790644210739-9AY6GKSDCS33YF0XRTLV/CashmereShawl-Square-HimalayaPearl5.jpg?format=1500w	365.00 CAD		in stock	new	Evelyne Prélonge	Home > Home Décor	Apparel & Accessories > Clothing Accessories > Scarves & Shawls
ART1388	6abb0fe6d06c654358468d91	Evelyne Prélonge Faux Fur & Cashmere Scarf – Himalaya Blush	Faux Fur & Cashmere Scarf, Himalaya Blush by Evelyne Prélonge, fur-free French faux fur. Ships across Canada and the US with tracking.	https://www.esotico.ca/shop/p/faux-fur-cashmere-scarf-himalaya-blush	https://images.squarespace-cdn.com/content/v1/6abad52803349b0b45a823de/1790644201436-4NVWFIF7RYEALT4B0Y9P/CashmereShawl-Square-HimalayaBlush.jpg?format=1500w	https://images.squarespace-cdn.com/content/v1/6abad52803349b0b45a823de/1790644202764-QDD5F8HAU2BLZ83FZZYR/CashmereShawl-Square-HimalayaBlush4.jpg?format=1500w,https://images.squarespace-cdn.com/content/v1/6abad52803349b0b45a823de/1790644204368-MVLUKGZAUY3FFXS8CCTT/CashmereShawl-Square-HimalayaBlush2.jpg?format=1500w	365.00 CAD		in stock	new	Evelyne Prélonge	Home > Home Décor	Apparel & Accessories > Clothing Accessories > Scarves & Shawls
ART1387	6abb0fe0d06c654358468d85	Evelyne Prélonge Faux Fur & Cashmere Scarf – Himalaya Ivory	Square cashmere shawl with a Himalaya Ivory faux fur collar by Evelyne Prélonge, 140 x 140 cm (55 x 55 in). Ships across Canada and the US.	https://www.esotico.ca/shop/p/faux-fur-cashmere-scarf-himalaya-ivory	https://images.squarespace-cdn.com/content/v1/6abad52803349b0b45a823de/1790644195317-BBPDATQLIOVEKTQ9KXQT/CashmereShawl-Square-HimalayaIvory.jpg?format=1500w	https://images.squarespace-cdn.com/content/v1/6abad52803349b0b45a823de/1790644196571-1PDP09EHVENN6P8AUS10/CashmereShawl-Square-HimalayaIvory4.jpg?format=1500w,https://images.squarespace-cdn.com/content/v1/6abad52803349b0b45a823de/1790644197818-HRHXA42N3007HKW3CVNU/CashmereShawl-Square-HimalayaIvory5.jpg?format=1500w	365.00 CAD		in stock	new	Evelyne Prélonge	Home > Home Décor	Apparel & Accessories > Clothing Accessories > Scarves & Shawls
ART0695	6abb0fdccee48d5ed3f039fe	Evelyne Prélonge Faux Fur & Cashmere Scarf – Chestnut	Faux Fur & Cashmere Scarf, Chestnut by Evelyne Prélonge, fur-free French faux fur. Ships across Canada and the US with tracking.	https://www.esotico.ca/shop/p/faux-fur-cashmere-scarf-chestnut	https://images.squarespace-cdn.com/content/v1/6abad52803349b0b45a823de/1790644190606-6GYR3F6KT480ACA4ZJV2/Evelyne_PrelongeStoleSquareCHESTNUT.jpg?format=1500w	https://images.squarespace-cdn.com/content/v1/6abad52803349b0b45a823de/1790644191593-EL3MG32G7YYNGK60AU1O/SquareCHESTNUT.jpg?format=1500w	365.00 CAD		in stock	new	Evelyne Prélonge	Home > Home Décor	Apparel & Accessories > Clothing Accessories > Scarves & Shawls
ART1572	6abb0fd5f1bc361a7cabf751	Evelyne Prélonge Faux Fur Long Removable Collar – Smoky	Faux Fur Long Removable Collar, Smoky by Evelyne Prélonge, fur-free French faux fur. Ships across Canada and the US with tracking.	https://www.esotico.ca/shop/p/faux-fur-long-removable-collar-smoky	https://images.squarespace-cdn.com/content/v1/6abad52803349b0b45a823de/1790644184589-VAENFSLRUT7M3FFG242D/REMOVABLE-COLLAR_Smoky.jpg?format=1500w	https://images.squarespace-cdn.com/content/v1/6abad52803349b0b45a823de/1790644186151-AO7LLMSQUPJ61YKK4LQR/MODELE_Smoky5.jpg?format=1500w,https://images.squarespace-cdn.com/content/v1/6abad52803349b0b45a823de/1790644187255-TKQSRK372TOYJ8W4JIW5/MODELE_Smoky2.jpg?format=1500w	210.00 CAD		in stock	new	Evelyne Prélonge	Home > Home Décor	Apparel & Accessories > Clothing Accessories > Scarves & Shawls
ART1055	6abb0fd1ee59385010a41aca	Evelyne Prélonge Faux Fur Long Removable Collar – Chestnut	Faux Fur Long Removable Collar, Chestnut by Evelyne Prélonge, fur-free French faux fur. Ships across Canada and the US with tracking.	https://www.esotico.ca/shop/p/faux-fur-long-removable-collar-chestnut	https://images.squarespace-cdn.com/content/v1/6abad52803349b0b45a823de/1790644180803-H2W5BTBSAFCI9KP6YUGU/Evelyne_Prelonge_REMOVABLE-COLLAR_Chestnut.jpg?format=1500w		210.00 CAD		in stock	new	Evelyne Prélonge	Home > Home Décor	Apparel & Accessories > Clothing Accessories > Scarves & Shawls
ART1052	6abb0fcecee48d5ed3f039f2	Evelyne Prélonge Faux Fur Long Removable Collar – Glacier	Faux Fur Long Removable Collar, Glacier by Evelyne Prélonge, fur-free French faux fur. Ships across Canada and the US with tracking.	https://www.esotico.ca/shop/p/faux-fur-long-removable-collar-glacier	https://images.squarespace-cdn.com/content/v1/6abad52803349b0b45a823de/1790644176951-8U1A1U2HEN2EW7Z9T5ZA/Evelyne_Prelonge_REMOVABLE-COLLAR_Glacier.jpg?format=1500w		210.00 CAD		in stock	new	Evelyne Prélonge	Home > Home Décor	Apparel & Accessories > Clothing Accessories > Scarves & Shawls
ART0000	6abb0fc9ee59385010a41abf	Evelyne Prélonge Small Faux Fur Bag – Monaco	Small Faux Fur Bag, Monaco by Evelyne Prélonge, fur-free French faux fur. Ships across Canada and the US with tracking.	https://www.esotico.ca/shop/p/small-faux-fur-bag-monaco	https://images.squarespace-cdn.com/content/v1/6abad52803349b0b45a823de/1790644172045-AU9I96N0OMFBGY3A83MT/Evelyne_Prelonge_Small_Bag_Monaco_2.jpg?format=1500w	https://images.squarespace-cdn.com/content/v1/6abad52803349b0b45a823de/1790644173382-L3K9FFL6W46C324VSEWA/Evelyne_Prelonge_Small_Bag_Monaco.jpg?format=1500w	380.00 CAD		in stock	new	Evelyne Prélonge	Home > Home Décor	Apparel & Accessories > Handbags, Wallets & Cases > Handbags
ART1579	6abb0fc5ee59385010a41aad	Evelyne Prélonge Small Faux Fur Bag – White Tiger	Small Faux Fur Bag, White Tiger by Evelyne Prélonge, fur-free French faux fur. Ships across Canada and the US with tracking.	https://www.esotico.ca/shop/p/small-faux-fur-bag-white-tiger	https://images.squarespace-cdn.com/content/v1/6abad52803349b0b45a823de/28050002-4f9a-4eae-af16-0844d8143055/Evelyne_Prelonge_Small_Bag_White_Tiger-centred.jpg?format=1500w		380.00 CAD		in stock	new	Evelyne Prélonge	Home > Home Décor	Apparel & Accessories > Handbags, Wallets & Cases > Handbags
ART0710	6abb0fc1f1bc361a7cabf72b	Evelyne Prélonge Small Faux Fur Bag – Chestnut	Small Faux Fur Bag, Chestnut by Evelyne Prélonge, fur-free French faux fur. Ships across Canada and the US with tracking.	https://www.esotico.ca/shop/p/small-faux-fur-bag-chestnut	https://images.squarespace-cdn.com/content/v1/6abad52803349b0b45a823de/1790644164586-S1Q36Q28FJI76FI7MOU8/Evelyne_Prelonge_Small_Chestnut.jpg?format=1500w		380.00 CAD		in stock	new	Evelyne Prélonge	Home > Home Décor	Apparel & Accessories > Handbags, Wallets & Cases > Handbags
ART1554	6abb0fbbd06c654358468d56	Evelyne Prélonge Faux Fur Pompom Gloves – White Tiger	Faux Fur Pompom Gloves, White Tiger by Evelyne Prélonge, fur-free French faux fur. Ships across Canada and the US with tracking.	https://www.esotico.ca/shop/p/faux-fur-pompom-gloves-white-tiger	https://images.squarespace-cdn.com/content/v1/6abad52803349b0b45a823de/1790644158667-RXLCSWZ9S2PAQURBAXG9/Evelyne_Prelonge_POMPOM_GLOVES_WhiteTiger.jpg?format=1500w	https://images.squarespace-cdn.com/content/v1/6abad52803349b0b45a823de/1790644159681-DTVH6651G69F9FC7NJ0V/Evelyne_Prelonge_POMPOM_GLOVES_White-Tiger_2.jpg?format=1500w,https://images.squarespace-cdn.com/content/v1/6abad52803349b0b45a823de/1790644160845-56MUKS9NEO62XHARUEBZ/Evelyne_Prelonge_POMPOM_GLOVES_White-Tiger_3.jpg?format=1500w	134.00 CAD		in stock	new	Evelyne Prélonge	Home > Home Décor	Apparel & Accessories > Clothing Accessories > Gloves & Mittens
ART0919	6abb0fb8cee48d5ed3f039ca	Evelyne Prélonge Faux Fur Pompom Gloves – Monaco	Faux Fur Pompom Gloves, Monaco by Evelyne Prélonge, fur-free French faux fur. Ships across Canada and the US with tracking.	https://www.esotico.ca/shop/p/faux-fur-pompom-gloves-monaco	https://images.squarespace-cdn.com/content/v1/6abad52803349b0b45a823de/1790644154928-VJVJCMWY57BF1C2BTS6J/Evelyne_Prelonge_POMPOM_GLOVES_Monaco.jpg?format=1500w		134.00 CAD		in stock	new	Evelyne Prélonge	Home > Home Décor	Apparel & Accessories > Clothing Accessories > Gloves & Mittens
ART0920	6abb0fb4ee59385010a41a9d	Evelyne Prélonge Faux Fur Pompom Gloves – Chestnut	Faux Fur Pompom Gloves, Chestnut by Evelyne Prélonge, fur-free French faux fur. Ships across Canada and the US with tracking.	https://www.esotico.ca/shop/p/faux-fur-pompom-gloves-chestnut	https://images.squarespace-cdn.com/content/v1/6abad52803349b0b45a823de/1790644151272-HLYTIPCHPNRS5FPTY9T4/Evelyne_Prelonge_POMPOM_GLOVES_Chestnut.jpg?format=1500w		134.00 CAD		in stock	new	Evelyne Prélonge	Home > Home Décor	Apparel & Accessories > Clothing Accessories > Gloves & Mittens
ART1771	6abb0fb0cee48d5ed3f039be	Evelyne Prélonge Faux Fur Cosmetic Bag – Chestnut	Faux Fur Cosmetic Bag, Chestnut by Evelyne Prélonge, fur-free French faux fur. Ships across Canada and the US with tracking.	https://www.esotico.ca/shop/p/faux-fur-cosmetic-bag-chestnut	https://images.squarespace-cdn.com/content/v1/6abad52803349b0b45a823de/1790644147658-6MX9RL4T1235SLPGY3D6/Evelyne_Prelonge_Comsetic_Bag_Chestnut.jpg?format=1500w		115.00 CAD		in stock	new	Evelyne Prélonge	Home > Home Décor	Apparel & Accessories > Handbags, Wallets & Cases > Handbags
ART1779	6abb0fadcee48d5ed3f039b6	Evelyne Prélonge Faux Fur Cosmetic Bag – Himalaya Blush	Faux Fur Cosmetic Bag, Himalaya Blush by Evelyne Prélonge, fur-free French faux fur. Ships across Canada and the US with tracking.	https://www.esotico.ca/shop/p/faux-fur-cosmetic-bag-himalaya-blush	https://images.squarespace-cdn.com/content/v1/6abad52803349b0b45a823de/1790644144073-C8TKKDAW9S94P14ONM7Q/Evelyne_Prelonge_Comsetic_Bag_Himalaya-Blush.jpg?format=1500w		115.00 CAD		in stock	new	Evelyne Prélonge	Home > Home Décor	Apparel & Accessories > Handbags, Wallets & Cases > Handbags
ART1759	6abb0fa9d06c654358468d48	Evelyne Prélonge Faux Fur Cosmetic Bag – Glacier	Faux Fur Cosmetic Bag, Glacier by Evelyne Prélonge, fur-free French faux fur. Ships across Canada and the US with tracking.	https://www.esotico.ca/shop/p/faux-fur-cosmetic-bag-glacier	https://images.squarespace-cdn.com/content/v1/6abad52803349b0b45a823de/8f458e01-8ea6-4145-aa25-efef8dbb8c6b/Evelyne_Prelonge_Comsetic_Bag_Glacier-centred.jpg?format=1500w		115.00 CAD		in stock	new	Evelyne Prélonge	Home > Home Décor	Apparel & Accessories > Handbags, Wallets & Cases > Handbags
ART1778	6abb0fa5f1bc361a7cabf714	Evelyne Prélonge Faux Fur Cosmetic Bag – Himalaya Pearl	Faux Fur Cosmetic Bag, Himalaya Pearl by Evelyne Prélonge, fur-free French faux fur. Ships across Canada and the US with tracking.	https://www.esotico.ca/shop/p/faux-fur-cosmetic-bag-himalaya-pearl	https://images.squarespace-cdn.com/content/v1/6abad52803349b0b45a823de/1790644136494-YFU5G13TX0AXEC1U52NC/Evelyne_Prelonge_Comsetic_Bag_Himalaya-Pearl.jpg?format=1500w		115.00 CAD		in stock	new	Evelyne Prélonge	Home > Home Décor	Apparel & Accessories > Handbags, Wallets & Cases > Handbags
ART1782	6abb0fa1d06c654358468d41	Evelyne Prélonge Faux Fur Cosmetic Bag – Monaco	Faux Fur Cosmetic Bag, Monaco by Evelyne Prélonge, fur-free French faux fur. Ships across Canada and the US with tracking.	https://www.esotico.ca/shop/p/faux-fur-cosmetic-bag-monaco	https://images.squarespace-cdn.com/content/v1/6abad52803349b0b45a823de/1790644132815-LBARHASJADQ1XKEURZFX/Evelyne_Prelonge_Comsetic_Bag_Monaco.jpg?format=1500w		115.00 CAD		in stock	new	Evelyne Prélonge	Home > Home Décor	Apparel & Accessories > Handbags, Wallets & Cases > Handbags
ART1780	6abb0f9eee59385010a41a83	Evelyne Prélonge Faux Fur Cosmetic Bag – White Tiger	Faux Fur Cosmetic Bag, White Tiger by Evelyne Prélonge, fur-free French faux fur. Ships across Canada and the US with tracking.	https://www.esotico.ca/shop/p/faux-fur-cosmetic-bag-white-tiger	https://images.squarespace-cdn.com/content/v1/6abad52803349b0b45a823de/07679d7e-629c-4ffa-a485-ddb6fa3779a8/Evelyne_Prelonge_Comsetic_Bag_White_Tiger-centred.jpg?format=1500w		115.00 CAD		in stock	new	Evelyne Prélonge	Home > Home Décor	Apparel & Accessories > Handbags, Wallets & Cases > Handbags
ART1450	6abb0f9bcee48d5ed3f039a8	Evelyne Prélonge Faux Fur Pompom Key Chain – Glacier	Faux Fur Pompom Key Chain, Glacier by Evelyne Prélonge, fur-free French faux fur. Ships across Canada and the US with tracking.	https://www.esotico.ca/shop/p/faux-fur-pompom-key-chain-glacier	https://images.squarespace-cdn.com/content/v1/6abad52803349b0b45a823de/1790644125526-84FO5BVYYW0NOFH9XD5C/Evelyne-Prelonge-Pompom-Key-Chain---Glacier.jpg?format=1500w		57.50 CAD		in stock	new	Evelyne Prélonge	Home > Home Décor	Apparel & Accessories > Clothing Accessories > Keychains
ART1607	6abb0f97f1bc361a7cabf705	Evelyne Prélonge Faux Fur Pompom Key Chain – Smoky Grey	Faux Fur Pompom Key Chain, Smoky Grey by Evelyne Prélonge, fur-free French faux fur. Ships across Canada and the US with tracking.	https://www.esotico.ca/shop/p/faux-fur-pompom-key-chain-smoky-grey	https://images.squarespace-cdn.com/content/v1/6abad52803349b0b45a823de/1790644122356-XH545GKUOZVFSRQP2AUK/Evelyne-Prelonge-Pompom-Key-Chain---SmokyGrey.jpg?format=1500w		57.50 CAD		in stock	new	Evelyne Prélonge	Home > Home Décor	Apparel & Accessories > Clothing Accessories > Keychains
ART1458	6abb0f94cee48d5ed3f0399e	Evelyne Prélonge Faux Fur Pompom Key Chain – Chocolate	Faux Fur Pompom Key Chain, Chocolate by Evelyne Prélonge, fur-free French faux fur. Ships across Canada and the US with tracking.	https://www.esotico.ca/shop/p/faux-fur-pompom-key-chain-chocolate	https://images.squarespace-cdn.com/content/v1/6abad52803349b0b45a823de/1790644118703-W0Q02RUJPAAXORSW6VUP/Evelyne-Prelonge-Pompom-Key-Chain---Chocolate.jpg?format=1500w		57.50 CAD		in stock	new	Evelyne Prélonge	Home > Home Décor	Apparel & Accessories > Clothing Accessories > Keychains
ART1456	6abb0f90d06c654358468d2e	Evelyne Prélonge Faux Fur Pompom Key Chain – Chestnut	Faux Fur Pompom Key Chain, Chestnut by Evelyne Prélonge, fur-free French faux fur. Ships across Canada and the US with tracking.	https://www.esotico.ca/shop/p/faux-fur-pompom-key-chain-chestnut	https://images.squarespace-cdn.com/content/v1/6abad52803349b0b45a823de/1790644115239-UZJZKZQJ6GZYMHEWKFLJ/Evelyne-Prelonge-Pompom-Key-Chain---Chestnut.jpg?format=1500w		57.50 CAD		in stock	new	Evelyne Prélonge	Home > Home Décor	Apparel & Accessories > Clothing Accessories > Keychains
ART1461	6abb0f8dee59385010a41a76	Evelyne Prélonge Faux Fur Pompom Key Chain – Monaco	Faux Fur Pompom Key Chain, Monaco by Evelyne Prélonge, fur-free French faux fur. Ships across Canada and the US with tracking.	https://www.esotico.ca/shop/p/faux-fur-pompom-key-chain-monaco	https://images.squarespace-cdn.com/content/v1/6abad52803349b0b45a823de/1790644111831-CQN6EL0I3G0BH49T92YQ/Evelyne-Prelonge-Pompom-Key-Chain---Monacot.jpg?format=1500w		57.50 CAD		in stock	new	Evelyne Prélonge	Home > Home Décor	Apparel & Accessories > Clothing Accessories > Keychains
ART1462	6abb0f8af1bc361a7cabf700	Evelyne Prélonge Faux Fur Pompom Key Chain – Navy Blue	Faux Fur Pompom Key Chain, Navy Blue by Evelyne Prélonge, fur-free French faux fur. Ships across Canada and the US with tracking.	https://www.esotico.ca/shop/p/faux-fur-pompom-key-chain-navy-blue	https://images.squarespace-cdn.com/content/v1/6abad52803349b0b45a823de/1790644108563-F491FU2XLG36PBOUGZNH/Evelyne-Prelonge-Pompom-Key-Chain--Navy-Blue.jpg?format=1500w		57.50 CAD		in stock	new	Evelyne Prélonge	Home > Home Décor	Apparel & Accessories > Clothing Accessories > Keychains
ART1609	6abb0f86cee48d5ed3f03991	Evelyne Prélonge Faux Fur Pompom Key Chain – White Tiger	Faux Fur Pompom Key Chain, White Tiger by Evelyne Prélonge, fur-free French faux fur. Ships across Canada and the US with tracking.	https://www.esotico.ca/shop/p/faux-fur-pompom-key-chain-white-tiger	https://images.squarespace-cdn.com/content/v1/6abad52803349b0b45a823de/1790644105319-CFPKCY95K4VLREN241Z3/Evelyne-Prelonge-Pompom-Key-Chain-WhiteTiger.jpg?format=1500w		57.50 CAD		in stock	new	Evelyne Prélonge	Home > Home Décor	Apparel & Accessories > Clothing Accessories > Keychains
ART1608	6abb0f83d06c654358468d25	Evelyne Prélonge Faux Fur Pompom Key Chain – Alpine Green	Faux Fur Pompom Key Chain, Alpine Green by Evelyne Prélonge, fur-free French faux fur. Ships across Canada and the US with tracking.	https://www.esotico.ca/shop/p/faux-fur-pompom-key-chain-alpine-green	https://images.squarespace-cdn.com/content/v1/6abad52803349b0b45a823de/1790644102060-QYRFYP9HKDKC74V920OG/Evelyne-Prelonge-Pompom-Key-Chain-Green.jpg?format=1500w		57.50 CAD		in stock	new	Evelyne Prélonge	Home > Home Décor	Apparel & Accessories > Clothing Accessories > Keychains
ART1451	6abb0f7fd06c654358468d22	Evelyne Prélonge Faux Fur Pompom Key Chain – Himalaya Blush	Faux Fur Pompom Key Chain, Himalaya Blush by Evelyne Prélonge, fur-free French faux fur. Ships across Canada and the US with tracking.	https://www.esotico.ca/shop/p/faux-fur-pompom-key-chain-himalaya-blush	https://images.squarespace-cdn.com/content/v1/6abad52803349b0b45a823de/1790644098774-AN1GTAEDZZ8QHFCJWYDT/Evelyne-Prelonge-Pompom-Key-Chain-Himalaya-Blush.jpg?format=1500w		57.50 CAD		in stock	new	Evelyne Prélonge	Home > Home Décor	Apparel & Accessories > Clothing Accessories > Keychains
ART1455	6abb0f7ccee48d5ed3f03987	Evelyne Prélonge Faux Fur Pompom Key Chain – Himalaya Ivory	Faux Fur Pompom Key Chain, Himalaya Ivory by Evelyne Prélonge, fur-free French faux fur. Ships across Canada and the US with tracking.	https://www.esotico.ca/shop/p/faux-fur-pompom-key-chain-himalaya-ivory	https://images.squarespace-cdn.com/content/v1/6abad52803349b0b45a823de/1790644095063-59O5I0S689P6BYQFNJPZ/Evelyne-Prelonge-Pompom-Key-Chain-Himalaya-Ivory.jpg?format=1500w		57.50 CAD		in stock	new	Evelyne Prélonge	Home > Home Décor	Apparel & Accessories > Clothing Accessories > Keychains
ART1452	6abb0f79d06c654358468d1f	Evelyne Prélonge Faux Fur Pompom Key Chain – Himalaya Pearl	Faux Fur Pompom Key Chain, Himalaya Pearl by Evelyne Prélonge, fur-free French faux fur. Ships across Canada and the US with tracking.	https://www.esotico.ca/shop/p/faux-fur-pompom-key-chain-himalaya-pearl	https://images.squarespace-cdn.com/content/v1/6abad52803349b0b45a823de/1790644091800-IPGBBFR8OA5GFUKQ3NSG/Evelyne-Prelonge-Pompom-Key-Chain-Himalaya-Pearl.jpg?format=1500w		57.50 CAD		in stock	new	Evelyne Prélonge	Home > Home Décor	Apparel & Accessories > Clothing Accessories > Keychains
ART1459	6abb0f76ee59385010a41a63	Evelyne Prélonge Faux Fur Pompom Key Chain – Pink	Faux Fur Pompom Key Chain, Pink by Evelyne Prélonge, fur-free French faux fur. Ships across Canada and the US with tracking.	https://www.esotico.ca/shop/p/faux-fur-pompom-key-chain-pink	https://images.squarespace-cdn.com/content/v1/6abad52803349b0b45a823de/1790644088494-V049H7SJ0L1G8KXGLRD7/Evelyne-Prelonge-Pompom-Key-Chain-Pink.jpg?format=1500w		57.50 CAD		in stock	new	Evelyne Prélonge	Home > Home Décor	Apparel & Accessories > Clothing Accessories > Keychains
ART0444	6abb0f72f1bc361a7cabf6ee	Evelyne Prélonge Large Faux Fur Shoulder Bag – Chestnut	Large Faux Fur Shoulder Bag, Chestnut by Evelyne Prélonge, fur-free French faux fur. Ships across Canada and the US with tracking.	https://www.esotico.ca/shop/p/large-faux-fur-shoulder-bag-chestnut	https://images.squarespace-cdn.com/content/v1/6abad52803349b0b45a823de/1790644085157-QJY7VAGFZ4F2W4H71N28/Evelyne-Prelonge-Large-Bag-Chesnut.jpg?format=1500w		422.00 CAD		in stock	new	Evelyne Prélonge	Home > Home Décor	Apparel & Accessories > Handbags, Wallets & Cases > Handbags
ART0576	6abb0f6ecee48d5ed3f0397e	Evelyne Prélonge Large Faux Fur Shoulder Bag – Monaco	Large Faux Fur Shoulder Bag, Monaco by Evelyne Prélonge, fur-free French faux fur. Ships across Canada and the US with tracking.	https://www.esotico.ca/shop/p/large-faux-fur-shoulder-bag-monaco	https://images.squarespace-cdn.com/content/v1/6abad52803349b0b45a823de/1790644081606-GRBD8OCTWIVRK3A2LRNN/Evelyne-Prelonge-Large-Bag-Monaco.jpg?format=1500w		422.00 CAD		in stock	new	Evelyne Prélonge	Home > Home Décor	Apparel & Accessories > Handbags, Wallets & Cases > Handbags
ART0445	6abb0f6bee59385010a41a5b	Evelyne Prélonge Large Faux Fur Shoulder Bag – Glacier	Large Faux Fur Shoulder Bag, Glacier by Evelyne Prélonge, fur-free French faux fur. Ships across Canada and the US with tracking.	https://www.esotico.ca/shop/p/large-faux-fur-shoulder-bag-glacier	https://images.squarespace-cdn.com/content/v1/6abad52803349b0b45a823de/1790644078004-3ZA9XERCL0T4RV3AJE3F/Evelyne-Prelonge-Large-Bag-Glacier.jpg?format=1500w		422.00 CAD		in stock	new	Evelyne Prélonge	Home > Home Décor	Apparel & Accessories > Handbags, Wallets & Cases > Handbags
ART0601	6abb0f67ee59385010a41a56	Evelyne Prélonge Faux Fur Wristband Gloves, Monaco	Touchscreen gloves with a faux fur wristband by Evelyne Prélonge, fur-free and cruelty-free. Four colours, one size. Ships across Canada and the US.	https://www.esotico.ca/shop/p/faux-fur-wristband-gloves	https://images.squarespace-cdn.com/content/v1/6abad52803349b0b45a823de/1790644074389-RWWH85R6ZY22FOB7GCIX/Evelyne_Prelonge_Wristband_GLOVES_Monaco.jpg?format=1500w	https://images.squarespace-cdn.com/content/v1/6abad52803349b0b45a823de/46d36c50-9586-450a-a571-1e54738c3431/faux-fur-wristband-gloves-2.jpg?format=1500w,https://images.squarespace-cdn.com/content/v1/6abad52803349b0b45a823de/4c23ebdc-2969-43d6-b06f-72646a00dbe4/Evelyne-Prelonge-faux-fur-Glacier.jpg?format=1500w,https://images.squarespace-cdn.com/content/v1/6abad52803349b0b45a823de/76d23b6c-9207-4de7-97df-120f9824bddc/Evelyne-Prelonge-faux-fur-White-Tiger.jpg?format=1500w	152.00 CAD		in stock	new	Evelyne Prélonge	Home > Home Décor	Apparel & Accessories > Clothing Accessories > Gloves & Mittens
ART1850	6abb0f67ee59385010a41a56	Evelyne Prélonge Faux Fur Wristband Gloves, Smoky	Touchscreen gloves with a faux fur wristband by Evelyne Prélonge, fur-free and cruelty-free. Four colours, one size. Ships across Canada and the US.	https://www.esotico.ca/shop/p/faux-fur-wristband-gloves	https://images.squarespace-cdn.com/content/v1/6abad52803349b0b45a823de/1790644074389-RWWH85R6ZY22FOB7GCIX/Evelyne_Prelonge_Wristband_GLOVES_Monaco.jpg?format=1500w	https://images.squarespace-cdn.com/content/v1/6abad52803349b0b45a823de/46d36c50-9586-450a-a571-1e54738c3431/faux-fur-wristband-gloves-2.jpg?format=1500w,https://images.squarespace-cdn.com/content/v1/6abad52803349b0b45a823de/4c23ebdc-2969-43d6-b06f-72646a00dbe4/Evelyne-Prelonge-faux-fur-Glacier.jpg?format=1500w,https://images.squarespace-cdn.com/content/v1/6abad52803349b0b45a823de/76d23b6c-9207-4de7-97df-120f9824bddc/Evelyne-Prelonge-faux-fur-White-Tiger.jpg?format=1500w	152.00 CAD		in stock	new	Evelyne Prélonge	Home > Home Décor	Apparel & Accessories > Clothing Accessories > Gloves & Mittens
ART0209	6abb0f67ee59385010a41a56	Evelyne Prélonge Faux Fur Wristband Gloves, Glacier	Touchscreen gloves with a faux fur wristband by Evelyne Prélonge, fur-free and cruelty-free. Four colours, one size. Ships across Canada and the US.	https://www.esotico.ca/shop/p/faux-fur-wristband-gloves	https://images.squarespace-cdn.com/content/v1/6abad52803349b0b45a823de/1790644074389-RWWH85R6ZY22FOB7GCIX/Evelyne_Prelonge_Wristband_GLOVES_Monaco.jpg?format=1500w	https://images.squarespace-cdn.com/content/v1/6abad52803349b0b45a823de/46d36c50-9586-450a-a571-1e54738c3431/faux-fur-wristband-gloves-2.jpg?format=1500w,https://images.squarespace-cdn.com/content/v1/6abad52803349b0b45a823de/4c23ebdc-2969-43d6-b06f-72646a00dbe4/Evelyne-Prelonge-faux-fur-Glacier.jpg?format=1500w,https://images.squarespace-cdn.com/content/v1/6abad52803349b0b45a823de/76d23b6c-9207-4de7-97df-120f9824bddc/Evelyne-Prelonge-faux-fur-White-Tiger.jpg?format=1500w	152.00 CAD		in stock	new	Evelyne Prélonge	Home > Home Décor	Apparel & Accessories > Clothing Accessories > Gloves & Mittens
ART1555	6abb0f67ee59385010a41a56	Evelyne Prélonge Faux Fur Wristband Gloves, White Tiger	Touchscreen gloves with a faux fur wristband by Evelyne Prélonge, fur-free and cruelty-free. Four colours, one size. Ships across Canada and the US.	https://www.esotico.ca/shop/p/faux-fur-wristband-gloves	https://images.squarespace-cdn.com/content/v1/6abad52803349b0b45a823de/1790644074389-RWWH85R6ZY22FOB7GCIX/Evelyne_Prelonge_Wristband_GLOVES_Monaco.jpg?format=1500w	https://images.squarespace-cdn.com/content/v1/6abad52803349b0b45a823de/46d36c50-9586-450a-a571-1e54738c3431/faux-fur-wristband-gloves-2.jpg?format=1500w,https://images.squarespace-cdn.com/content/v1/6abad52803349b0b45a823de/4c23ebdc-2969-43d6-b06f-72646a00dbe4/Evelyne-Prelonge-faux-fur-Glacier.jpg?format=1500w,https://images.squarespace-cdn.com/content/v1/6abad52803349b0b45a823de/76d23b6c-9207-4de7-97df-120f9824bddc/Evelyne-Prelonge-faux-fur-White-Tiger.jpg?format=1500w	152.00 CAD		in stock	new	Evelyne Prélonge	Home > Home Décor	Apparel & Accessories > Clothing Accessories > Gloves & Mittens
ART0483	6abb0f63ee59385010a41a54	Evelyne Prélonge Square Faux Fur Tissue Box Cover – Chestnut	Square Faux Fur Tissue Box Cover, Chestnut by Evelyne Prélonge, fur-free French faux fur. Ships across Canada and the US with tracking.	https://www.esotico.ca/shop/p/square-faux-fur-tissue-box-cover-chestnut	https://images.squarespace-cdn.com/content/v1/6abad52803349b0b45a823de/1790644070647-Q47CPP1KMAATIK74NMVB/Evelyne-Prelonge-Square-Tissue-Box---Chestnut.jpg?format=1500w		118.00 CAD		in stock	new	Evelyne Prélonge	Home > Home Décor	Home & Garden > Bathroom Accessories > Facial Tissue Holders
ART0486	6abb0f60ee59385010a41a4c	Evelyne Prélonge Square Faux Fur Tissue Box Cover – Glacier	Square Faux Fur Tissue Box Cover, Glacier by Evelyne Prélonge, fur-free French faux fur. Ships across Canada and the US with tracking.	https://www.esotico.ca/shop/p/square-faux-fur-tissue-box-cover-glacier	https://images.squarespace-cdn.com/content/v1/6abad52803349b0b45a823de/1790644067060-2TXLF0DPSMQE76TVGFG6/Evelyne-Prelonge-Square-Tissue-Box---GLACIER.jpg?format=1500w	https://images.squarespace-cdn.com/content/v1/6abad52803349b0b45a823de/63df9b18-2bc3-4fee-984e-d3f62b879ffe/evelyne-prelonge-square-tissue-box-cover-glacier-table.jpg?format=1500w,https://images.squarespace-cdn.com/content/v1/6abad52803349b0b45a823de/e172282f-d430-49ac-885c-830bb06e443a/evelyne-prelonge-square-tissue-box-cover-glacier-console.jpg?format=1500w	118.00 CAD		in stock	new	Evelyne Prélonge	Home > Home Décor	Home & Garden > Bathroom Accessories > Facial Tissue Holders
ART0732	6abb0f5cf1bc361a7cabf6d6	Evelyne Prélonge Square Faux Fur Tissue Box Cover – Monaco	Square Faux Fur Tissue Box Cover, Monaco by Evelyne Prélonge, fur-free French faux fur. Ships across Canada and the US with tracking.	https://www.esotico.ca/shop/p/square-faux-fur-tissue-box-cover-monaco	https://images.squarespace-cdn.com/content/v1/6abad52803349b0b45a823de/1790644063512-XY2WC50SYURYVD9LCTU2/Evelyne-Prelonge-Square-Tissue-Box---MONACO.jpg?format=1500w		118.00 CAD		in stock	new	Evelyne Prélonge	Home > Home Décor	Home & Garden > Bathroom Accessories > Facial Tissue Holders
ART1360	6abb0f58cee48d5ed3f03967	Evelyne Prélonge Square Faux Fur Tissue Box Cover – Himalaya Pearl	Square Faux Fur Tissue Box Cover, Himalaya Pearl by Evelyne Prélonge, fur-free French faux fur. Ships across Canada and the US with tracking.	https://www.esotico.ca/shop/p/square-faux-fur-tissue-box-cover-himalaya-pearl	https://images.squarespace-cdn.com/content/v1/6abad52803349b0b45a823de/1790644058747-HOD13YI5T9IZ1DX2SVQQ/Evelyne-Prelonge-Square-Tissue-Box---Himalaya-Pearl.jpg?format=1500w	https://images.squarespace-cdn.com/content/v1/6abad52803349b0b45a823de/1790644059958-CQBS78F8X5H6LISM9M58/Evelyne-Prelonge-Square-Tissue-Box----Himalaya-Pearl_2.jpg?format=1500w	118.00 CAD		in stock	new	Evelyne Prélonge	Home > Home Décor	Home & Garden > Bathroom Accessories > Facial Tissue Holders
ART0493	6abb0f53ee59385010a41a3a	Evelyne Prélonge Rectangle Faux Fur Tissue Box Cover – Glacier	Rectangle Faux Fur Tissue Box Cover, Glacier by Evelyne Prélonge, fur-free French faux fur. Ships across Canada and the US with tracking.	https://www.esotico.ca/shop/p/rectangle-faux-fur-tissue-box-cover-glacier	https://images.squarespace-cdn.com/content/v1/6abad52803349b0b45a823de/bbb0109e-d2ea-44be-87d4-a5cd45cb67bc/Evelyne-Prelonge-Rectangle-Tissue-Box---GLACIER-centred.jpg?format=1500w	https://images.squarespace-cdn.com/content/v1/6abad52803349b0b45a823de/1790644055165-I5BK2M7WPCH97EWO96X0/Tissue-Box_Rectangle-Glacier_2.jpg?format=1500w	125.00 CAD		in stock	new	Evelyne Prélonge	Home > Home Décor	Home & Garden > Bathroom Accessories > Facial Tissue Holders
ART0491	6abb0f4ff1bc361a7cabf6c4	Evelyne Prélonge Rectangle Faux Fur Tissue Box Cover – Chestnut	Rectangle Faux Fur Tissue Box Cover, Chestnut by Evelyne Prélonge, fur-free French faux fur. Ships across Canada and the US with tracking.	https://www.esotico.ca/shop/p/rectangle-faux-fur-tissue-box-cover-chestnut	https://images.squarespace-cdn.com/content/v1/6abad52803349b0b45a823de/3880d007-137a-480d-a200-8514a6512ccd/Evelyne-Prelonge-Rectangle-Tissue-Box---Chestnut-centred.jpg?format=1500w	https://images.squarespace-cdn.com/content/v1/6abad52803349b0b45a823de/67b7c1ed-074f-4c90-aa49-d0a9b5e7e736/evelyne-prelonge-rectangle-tissue-box-cover-chestnut.jpg?format=1500w	125.00 CAD		in stock	new	Evelyne Prélonge	Home > Home Décor	Home & Garden > Bathroom Accessories > Facial Tissue Holders
ART0731	6abb0f4cd06c654358468cce	Evelyne Prélonge Rectangle Faux Fur Tissue Box Cover – Monaco	Rectangle Faux Fur Tissue Box Cover, Monaco by Evelyne Prélonge, fur-free French faux fur. Ships across Canada and the US with tracking.	https://www.esotico.ca/shop/p/rectangle-faux-fur-tissue-box-cover-monaco	https://images.squarespace-cdn.com/content/v1/6abad52803349b0b45a823de/8c6f4194-ded1-4804-bf2c-9864dcb83dcd/Evelyne-Prelonge-Rectangle-Tissue-Box---Monaco-centred.jpg?format=1500w		125.00 CAD		in stock	new	Evelyne Prélonge	Home > Home Décor	Home & Garden > Bathroom Accessories > Facial Tissue Holders
ART0494	6abb0f48d06c654358468cc9	Evelyne Prélonge Rectangle Faux Fur Tissue Box Cover – Himalaya Pearl	Rectangle Faux Fur Tissue Box Cover, Himalaya Pearl by Evelyne Prélonge, fur-free French faux fur. Ships across Canada and the US with tracking.	https://www.esotico.ca/shop/p/rectangle-faux-fur-tissue-box-cover-himalaya-pearl	https://images.squarespace-cdn.com/content/v1/6abad52803349b0b45a823de/1790644043120-EWUB33FJVFZVKRORVDLI/Evelyne-Prelonge-Rectangle-Tissue-Box---Himalaya-Pearl.jpg?format=1500w	https://images.squarespace-cdn.com/content/v1/6abad52803349b0b45a823de/416a0ea7-fee0-465e-9fd0-439ad031e351/rectangle-faux-fur-tissue-box-cover-himalaya-pearl-2.jpg?format=1500w	125.00 CAD		in stock	new	Evelyne Prélonge	Home > Home Décor	Home & Garden > Bathroom Accessories > Facial Tissue Holders
ART1807	6abb0f40cee48d5ed3f03951	Evelyne Prélonge Faux Fur Dog Coat, Small, Glacier	Faux fur coat for small dogs by Evelyne Prélonge, fur-free and cruelty-free, with a stretch belly panel. Three colours and sizes. Ships to Canada and the US.	https://www.esotico.ca/shop/p/faux-fur-dog-coat	https://images.squarespace-cdn.com/content/v1/6abad52803349b0b45a823de/1790644035304-527ZTSXIIY31FPY6EF8I/Evelyne-Prelonge-faux-fur-dog-coat-glacier.jpg?format=1500w	https://images.squarespace-cdn.com/content/v1/6abad52803349b0b45a823de/1790644036433-1V8F3URESIJQBTISUWFW/Evelyne-Prelonge-faux-fur-dog-coat-glacier_back.jpg?format=1500w,https://images.squarespace-cdn.com/content/v1/6abad52803349b0b45a823de/1790644037422-CFK1S7NQDPEHIW72K2MS/Evelyne-Prelonge-faux-fur-dog-coat-glacier_orig.jpg?format=1500w,https://images.squarespace-cdn.com/content/v1/6abad52803349b0b45a823de/1790644038499-B74RBDD8Y3Z2DYP3YK9C/Evelyne-Prelonge-faux-fur-dog-coat-glacier_orig-2.jpg?format=1500w,https://images.squarespace-cdn.com/content/v1/6abad52803349b0b45a823de/1790644039609-058OIKYB442UBJK8SAV3/Evelyne-Prelonge-faux-fur-dog-coat-glacier_orig-3.jpg?format=1500w,https://images.squarespace-cdn.com/content/v1/6abad52803349b0b45a823de/d2c64536-4288-46df-ad9a-2860f1412dad/Evelyne-Prelonge-faux-fur-dog-coat-chestnut-colour-preview.jpg?format=1500w	150.00 CAD		in stock	new	Evelyne Prélonge	Home > Home Décor	Animals & Pet Supplies > Pet Supplies > Dog Supplies > Dog Apparel
ART1761	6abb0f40cee48d5ed3f03951	Evelyne Prélonge Faux Fur Dog Coat, Medium, Glacier	Faux fur coat for small dogs by Evelyne Prélonge, fur-free and cruelty-free, with a stretch belly panel. Three colours and sizes. Ships to Canada and the US.	https://www.esotico.ca/shop/p/faux-fur-dog-coat	https://images.squarespace-cdn.com/content/v1/6abad52803349b0b45a823de/1790644035304-527ZTSXIIY31FPY6EF8I/Evelyne-Prelonge-faux-fur-dog-coat-glacier.jpg?format=1500w	https://images.squarespace-cdn.com/content/v1/6abad52803349b0b45a823de/1790644036433-1V8F3URESIJQBTISUWFW/Evelyne-Prelonge-faux-fur-dog-coat-glacier_back.jpg?format=1500w,https://images.squarespace-cdn.com/content/v1/6abad52803349b0b45a823de/1790644037422-CFK1S7NQDPEHIW72K2MS/Evelyne-Prelonge-faux-fur-dog-coat-glacier_orig.jpg?format=1500w,https://images.squarespace-cdn.com/content/v1/6abad52803349b0b45a823de/1790644038499-B74RBDD8Y3Z2DYP3YK9C/Evelyne-Prelonge-faux-fur-dog-coat-glacier_orig-2.jpg?format=1500w,https://images.squarespace-cdn.com/content/v1/6abad52803349b0b45a823de/1790644039609-058OIKYB442UBJK8SAV3/Evelyne-Prelonge-faux-fur-dog-coat-glacier_orig-3.jpg?format=1500w,https://images.squarespace-cdn.com/content/v1/6abad52803349b0b45a823de/d2c64536-4288-46df-ad9a-2860f1412dad/Evelyne-Prelonge-faux-fur-dog-coat-chestnut-colour-preview.jpg?format=1500w	150.00 CAD		in stock	new	Evelyne Prélonge	Home > Home Décor	Animals & Pet Supplies > Pet Supplies > Dog Supplies > Dog Apparel
ART1808	6abb0f40cee48d5ed3f03951	Evelyne Prélonge Faux Fur Dog Coat, Large, Glacier	Faux fur coat for small dogs by Evelyne Prélonge, fur-free and cruelty-free, with a stretch belly panel. Three colours and sizes. Ships to Canada and the US.	https://www.esotico.ca/shop/p/faux-fur-dog-coat	https://images.squarespace-cdn.com/content/v1/6abad52803349b0b45a823de/1790644035304-527ZTSXIIY31FPY6EF8I/Evelyne-Prelonge-faux-fur-dog-coat-glacier.jpg?format=1500w	https://images.squarespace-cdn.com/content/v1/6abad52803349b0b45a823de/1790644036433-1V8F3URESIJQBTISUWFW/Evelyne-Prelonge-faux-fur-dog-coat-glacier_back.jpg?format=1500w,https://images.squarespace-cdn.com/content/v1/6abad52803349b0b45a823de/1790644037422-CFK1S7NQDPEHIW72K2MS/Evelyne-Prelonge-faux-fur-dog-coat-glacier_orig.jpg?format=1500w,https://images.squarespace-cdn.com/content/v1/6abad52803349b0b45a823de/1790644038499-B74RBDD8Y3Z2DYP3YK9C/Evelyne-Prelonge-faux-fur-dog-coat-glacier_orig-2.jpg?format=1500w,https://images.squarespace-cdn.com/content/v1/6abad52803349b0b45a823de/1790644039609-058OIKYB442UBJK8SAV3/Evelyne-Prelonge-faux-fur-dog-coat-glacier_orig-3.jpg?format=1500w,https://images.squarespace-cdn.com/content/v1/6abad52803349b0b45a823de/d2c64536-4288-46df-ad9a-2860f1412dad/Evelyne-Prelonge-faux-fur-dog-coat-chestnut-colour-preview.jpg?format=1500w	150.00 CAD		in stock	new	Evelyne Prélonge	Home > Home Décor	Animals & Pet Supplies > Pet Supplies > Dog Supplies > Dog Apparel
ART1888	6abb0f40cee48d5ed3f03951	Evelyne Prélonge Faux Fur Dog Coat, Small, Monaco	Faux fur coat for small dogs by Evelyne Prélonge, fur-free and cruelty-free, with a stretch belly panel. Three colours and sizes. Ships to Canada and the US.	https://www.esotico.ca/shop/p/faux-fur-dog-coat	https://images.squarespace-cdn.com/content/v1/6abad52803349b0b45a823de/1790644035304-527ZTSXIIY31FPY6EF8I/Evelyne-Prelonge-faux-fur-dog-coat-glacier.jpg?format=1500w	https://images.squarespace-cdn.com/content/v1/6abad52803349b0b45a823de/1790644036433-1V8F3URESIJQBTISUWFW/Evelyne-Prelonge-faux-fur-dog-coat-glacier_back.jpg?format=1500w,https://images.squarespace-cdn.com/content/v1/6abad52803349b0b45a823de/1790644037422-CFK1S7NQDPEHIW72K2MS/Evelyne-Prelonge-faux-fur-dog-coat-glacier_orig.jpg?format=1500w,https://images.squarespace-cdn.com/content/v1/6abad52803349b0b45a823de/1790644038499-B74RBDD8Y3Z2DYP3YK9C/Evelyne-Prelonge-faux-fur-dog-coat-glacier_orig-2.jpg?format=1500w,https://images.squarespace-cdn.com/content/v1/6abad52803349b0b45a823de/1790644039609-058OIKYB442UBJK8SAV3/Evelyne-Prelonge-faux-fur-dog-coat-glacier_orig-3.jpg?format=1500w,https://images.squarespace-cdn.com/content/v1/6abad52803349b0b45a823de/d2c64536-4288-46df-ad9a-2860f1412dad/Evelyne-Prelonge-faux-fur-dog-coat-chestnut-colour-preview.jpg?format=1500w	150.00 CAD		in stock	new	Evelyne Prélonge	Home > Home Décor	Animals & Pet Supplies > Pet Supplies > Dog Supplies > Dog Apparel
ART1886	6abb0f40cee48d5ed3f03951	Evelyne Prélonge Faux Fur Dog Coat, Medium, Monaco	Faux fur coat for small dogs by Evelyne Prélonge, fur-free and cruelty-free, with a stretch belly panel. Three colours and sizes. Ships to Canada and the US.	https://www.esotico.ca/shop/p/faux-fur-dog-coat	https://images.squarespace-cdn.com/content/v1/6abad52803349b0b45a823de/1790644035304-527ZTSXIIY31FPY6EF8I/Evelyne-Prelonge-faux-fur-dog-coat-glacier.jpg?format=1500w	https://images.squarespace-cdn.com/content/v1/6abad52803349b0b45a823de/1790644036433-1V8F3URESIJQBTISUWFW/Evelyne-Prelonge-faux-fur-dog-coat-glacier_back.jpg?format=1500w,https://images.squarespace-cdn.com/content/v1/6abad52803349b0b45a823de/1790644037422-CFK1S7NQDPEHIW72K2MS/Evelyne-Prelonge-faux-fur-dog-coat-glacier_orig.jpg?format=1500w,https://images.squarespace-cdn.com/content/v1/6abad52803349b0b45a823de/1790644038499-B74RBDD8Y3Z2DYP3YK9C/Evelyne-Prelonge-faux-fur-dog-coat-glacier_orig-2.jpg?format=1500w,https://images.squarespace-cdn.com/content/v1/6abad52803349b0b45a823de/1790644039609-058OIKYB442UBJK8SAV3/Evelyne-Prelonge-faux-fur-dog-coat-glacier_orig-3.jpg?format=1500w,https://images.squarespace-cdn.com/content/v1/6abad52803349b0b45a823de/d2c64536-4288-46df-ad9a-2860f1412dad/Evelyne-Prelonge-faux-fur-dog-coat-chestnut-colour-preview.jpg?format=1500w	150.00 CAD		in stock	new	Evelyne Prélonge	Home > Home Décor	Animals & Pet Supplies > Pet Supplies > Dog Supplies > Dog Apparel
ART1884	6abb0f40cee48d5ed3f03951	Evelyne Prélonge Faux Fur Dog Coat, Large, Monaco	Faux fur coat for small dogs by Evelyne Prélonge, fur-free and cruelty-free, with a stretch belly panel. Three colours and sizes. Ships to Canada and the US.	https://www.esotico.ca/shop/p/faux-fur-dog-coat	https://images.squarespace-cdn.com/content/v1/6abad52803349b0b45a823de/1790644035304-527ZTSXIIY31FPY6EF8I/Evelyne-Prelonge-faux-fur-dog-coat-glacier.jpg?format=1500w	https://images.squarespace-cdn.com/content/v1/6abad52803349b0b45a823de/1790644036433-1V8F3URESIJQBTISUWFW/Evelyne-Prelonge-faux-fur-dog-coat-glacier_back.jpg?format=1500w,https://images.squarespace-cdn.com/content/v1/6abad52803349b0b45a823de/1790644037422-CFK1S7NQDPEHIW72K2MS/Evelyne-Prelonge-faux-fur-dog-coat-glacier_orig.jpg?format=1500w,https://images.squarespace-cdn.com/content/v1/6abad52803349b0b45a823de/1790644038499-B74RBDD8Y3Z2DYP3YK9C/Evelyne-Prelonge-faux-fur-dog-coat-glacier_orig-2.jpg?format=1500w,https://images.squarespace-cdn.com/content/v1/6abad52803349b0b45a823de/1790644039609-058OIKYB442UBJK8SAV3/Evelyne-Prelonge-faux-fur-dog-coat-glacier_orig-3.jpg?format=1500w,https://images.squarespace-cdn.com/content/v1/6abad52803349b0b45a823de/d2c64536-4288-46df-ad9a-2860f1412dad/Evelyne-Prelonge-faux-fur-dog-coat-chestnut-colour-preview.jpg?format=1500w	150.00 CAD		in stock	new	Evelyne Prélonge	Home > Home Décor	Animals & Pet Supplies > Pet Supplies > Dog Supplies > Dog Apparel
ART1887	6abb0f40cee48d5ed3f03951	Evelyne Prélonge Faux Fur Dog Coat, Small, Chestnut	Faux fur coat for small dogs by Evelyne Prélonge, fur-free and cruelty-free, with a stretch belly panel. Three colours and sizes. Ships to Canada and the US.	https://www.esotico.ca/shop/p/faux-fur-dog-coat	https://images.squarespace-cdn.com/content/v1/6abad52803349b0b45a823de/1790644035304-527ZTSXIIY31FPY6EF8I/Evelyne-Prelonge-faux-fur-dog-coat-glacier.jpg?format=1500w	https://images.squarespace-cdn.com/content/v1/6abad52803349b0b45a823de/1790644036433-1V8F3URESIJQBTISUWFW/Evelyne-Prelonge-faux-fur-dog-coat-glacier_back.jpg?format=1500w,https://images.squarespace-cdn.com/content/v1/6abad52803349b0b45a823de/1790644037422-CFK1S7NQDPEHIW72K2MS/Evelyne-Prelonge-faux-fur-dog-coat-glacier_orig.jpg?format=1500w,https://images.squarespace-cdn.com/content/v1/6abad52803349b0b45a823de/1790644038499-B74RBDD8Y3Z2DYP3YK9C/Evelyne-Prelonge-faux-fur-dog-coat-glacier_orig-2.jpg?format=1500w,https://images.squarespace-cdn.com/content/v1/6abad52803349b0b45a823de/1790644039609-058OIKYB442UBJK8SAV3/Evelyne-Prelonge-faux-fur-dog-coat-glacier_orig-3.jpg?format=1500w,https://images.squarespace-cdn.com/content/v1/6abad52803349b0b45a823de/d2c64536-4288-46df-ad9a-2860f1412dad/Evelyne-Prelonge-faux-fur-dog-coat-chestnut-colour-preview.jpg?format=1500w	150.00 CAD		in stock	new	Evelyne Prélonge	Home > Home Décor	Animals & Pet Supplies > Pet Supplies > Dog Supplies > Dog Apparel
ART1889	6abb0f40cee48d5ed3f03951	Evelyne Prélonge Faux Fur Dog Coat, Medium, Chestnut	Faux fur coat for small dogs by Evelyne Prélonge, fur-free and cruelty-free, with a stretch belly panel. Three colours and sizes. Ships to Canada and the US.	https://www.esotico.ca/shop/p/faux-fur-dog-coat	https://images.squarespace-cdn.com/content/v1/6abad52803349b0b45a823de/1790644035304-527ZTSXIIY31FPY6EF8I/Evelyne-Prelonge-faux-fur-dog-coat-glacier.jpg?format=1500w	https://images.squarespace-cdn.com/content/v1/6abad52803349b0b45a823de/1790644036433-1V8F3URESIJQBTISUWFW/Evelyne-Prelonge-faux-fur-dog-coat-glacier_back.jpg?format=1500w,https://images.squarespace-cdn.com/content/v1/6abad52803349b0b45a823de/1790644037422-CFK1S7NQDPEHIW72K2MS/Evelyne-Prelonge-faux-fur-dog-coat-glacier_orig.jpg?format=1500w,https://images.squarespace-cdn.com/content/v1/6abad52803349b0b45a823de/1790644038499-B74RBDD8Y3Z2DYP3YK9C/Evelyne-Prelonge-faux-fur-dog-coat-glacier_orig-2.jpg?format=1500w,https://images.squarespace-cdn.com/content/v1/6abad52803349b0b45a823de/1790644039609-058OIKYB442UBJK8SAV3/Evelyne-Prelonge-faux-fur-dog-coat-glacier_orig-3.jpg?format=1500w,https://images.squarespace-cdn.com/content/v1/6abad52803349b0b45a823de/d2c64536-4288-46df-ad9a-2860f1412dad/Evelyne-Prelonge-faux-fur-dog-coat-chestnut-colour-preview.jpg?format=1500w	150.00 CAD		in stock	new	Evelyne Prélonge	Home > Home Décor	Animals & Pet Supplies > Pet Supplies > Dog Supplies > Dog Apparel
ART1885	6abb0f40cee48d5ed3f03951	Evelyne Prélonge Faux Fur Dog Coat, Large, Chestnut	Faux fur coat for small dogs by Evelyne Prélonge, fur-free and cruelty-free, with a stretch belly panel. Three colours and sizes. Ships to Canada and the US.	https://www.esotico.ca/shop/p/faux-fur-dog-coat	https://images.squarespace-cdn.com/content/v1/6abad52803349b0b45a823de/1790644035304-527ZTSXIIY31FPY6EF8I/Evelyne-Prelonge-faux-fur-dog-coat-glacier.jpg?format=1500w	https://images.squarespace-cdn.com/content/v1/6abad52803349b0b45a823de/1790644036433-1V8F3URESIJQBTISUWFW/Evelyne-Prelonge-faux-fur-dog-coat-glacier_back.jpg?format=1500w,https://images.squarespace-cdn.com/content/v1/6abad52803349b0b45a823de/1790644037422-CFK1S7NQDPEHIW72K2MS/Evelyne-Prelonge-faux-fur-dog-coat-glacier_orig.jpg?format=1500w,https://images.squarespace-cdn.com/content/v1/6abad52803349b0b45a823de/1790644038499-B74RBDD8Y3Z2DYP3YK9C/Evelyne-Prelonge-faux-fur-dog-coat-glacier_orig-2.jpg?format=1500w,https://images.squarespace-cdn.com/content/v1/6abad52803349b0b45a823de/1790644039609-058OIKYB442UBJK8SAV3/Evelyne-Prelonge-faux-fur-dog-coat-glacier_orig-3.jpg?format=1500w,https://images.squarespace-cdn.com/content/v1/6abad52803349b0b45a823de/d2c64536-4288-46df-ad9a-2860f1412dad/Evelyne-Prelonge-faux-fur-dog-coat-chestnut-colour-preview.jpg?format=1500w	150.00 CAD		in stock	new	Evelyne Prélonge	Home > Home Décor	Animals & Pet Supplies > Pet Supplies > Dog Supplies > Dog Apparel
ART0578	6abb0f3bee59385010a41a19	Evelyne Prélonge Faux Fur Throw – Monaco	Faux fur throw by Evelyne Prélonge, fur-free and cruelty-free, 140 x 200 cm (55 x 79 in), in Monaco. Ships across Canada and the US.	https://www.esotico.ca/shop/p/faux-fur-throw-monaco	https://images.squarespace-cdn.com/content/v1/6abad52803349b0b45a823de/1790644030647-87MWTI4ZT0EDZXA7CCUX/Evelyne-Prelonge-faux-fur-throw-monaco.jpg?format=1500w	https://images.squarespace-cdn.com/content/v1/6abad52803349b0b45a823de/1790644031714-4N24RYNAHXSPZ2PAQC6L/Evelyne-Prelonge-faux-fur-throw-monaco_2.jpg?format=1500w	960.00 CAD	700.00 CAD	in stock	new	Evelyne Prélonge	Home > Home Décor	Home & Garden > Linens & Bedding > Bedding > Blankets
ART1375	6abb0f36d06c654358468cb5	Evelyne Prélonge Faux Fur Throw – Himalaya Pearl	Faux fur throw by Evelyne Prélonge, fur-free and cruelty-free, 140 x 200 cm (55 x 79 in), in Himalaya Pearl. Ships across Canada and the US.	https://www.esotico.ca/shop/p/faux-fur-throw-himalaya-pearl	https://images.squarespace-cdn.com/content/v1/6abad52803349b0b45a823de/1790644025458-UTMWQFSQ06YGV0F4X8V2/Evelyne-Prelonge-faux-fur-throw-himalaya-pearl.jpg?format=1500w	https://images.squarespace-cdn.com/content/v1/6abad52803349b0b45a823de/1790644026495-P6KD3WOQNH8Y0NN4TP8C/Evelyne-Prelonge-faux-fur-throw-himalaya-pearl_2.jpg?format=1500w	960.00 CAD	700.00 CAD	in stock	new	Evelyne Prélonge	Home > Home Décor	Home & Garden > Linens & Bedding > Bedding > Blankets
ApothecaTulipa	6abb0f2ff1bc361a7cabf6a8	Apotheca Scented Candle, Nigrum Tulipa	Apotheca candle poured by hand in Grasse, France, in an amber apothecary jar: 240 g, about 50 hours, five scents. Ships across Canada and the US.	https://www.esotico.ca/shop/p/apotheca-scented-candles	https://images.squarespace-cdn.com/content/v1/6abad52803349b0b45a823de/1790644018266-BXBS90D22DT92E90FBMH/Apotheca-Candle-Purpura.jpg?format=1500w	https://images.squarespace-cdn.com/content/v1/6abad52803349b0b45a823de/1790644019356-3XOVF8DHUO4QGKDIMEQM/Apotheca-Candle-Vipera.jpg?format=1500w,https://images.squarespace-cdn.com/content/v1/6abad52803349b0b45a823de/1790644020407-HRV1Z42E3ZT7E7KKEFCN/Apotheca-Candle-Vitae.jpg?format=1500w,https://images.squarespace-cdn.com/content/v1/6abad52803349b0b45a823de/1790644021456-1D0JBY9VEHOQCLUS6GKA/Apotheca-insidiae-candle.jpg?format=1500w,https://images.squarespace-cdn.com/content/v1/6abad52803349b0b45a823de/68d9c575-6ae9-4472-9042-2dbe460f8ac5/apotheca-nigrum-tulipa-library.jpg?format=1500w	84.00 CAD		in stock	new	Apotheca	Home > Home Fragrance	Home & Garden > Decor > Home Fragrances > Candles
ApothecaPurpura	6abb0f2ff1bc361a7cabf6a8	Apotheca Scented Candle, Purpura	Apotheca candle poured by hand in Grasse, France, in an amber apothecary jar: 240 g, about 50 hours, five scents. Ships across Canada and the US.	https://www.esotico.ca/shop/p/apotheca-scented-candles	https://images.squarespace-cdn.com/content/v1/6abad52803349b0b45a823de/1790644018266-BXBS90D22DT92E90FBMH/Apotheca-Candle-Purpura.jpg?format=1500w	https://images.squarespace-cdn.com/content/v1/6abad52803349b0b45a823de/1790644019356-3XOVF8DHUO4QGKDIMEQM/Apotheca-Candle-Vipera.jpg?format=1500w,https://images.squarespace-cdn.com/content/v1/6abad52803349b0b45a823de/1790644020407-HRV1Z42E3ZT7E7KKEFCN/Apotheca-Candle-Vitae.jpg?format=1500w,https://images.squarespace-cdn.com/content/v1/6abad52803349b0b45a823de/1790644021456-1D0JBY9VEHOQCLUS6GKA/Apotheca-insidiae-candle.jpg?format=1500w,https://images.squarespace-cdn.com/content/v1/6abad52803349b0b45a823de/68d9c575-6ae9-4472-9042-2dbe460f8ac5/apotheca-nigrum-tulipa-library.jpg?format=1500w	84.00 CAD		in stock	new	Apotheca	Home > Home Fragrance	Home & Garden > Decor > Home Fragrances > Candles
ApothecaVipera	6abb0f2ff1bc361a7cabf6a8	Apotheca Scented Candle, Vipera	Apotheca candle poured by hand in Grasse, France, in an amber apothecary jar: 240 g, about 50 hours, five scents. Ships across Canada and the US.	https://www.esotico.ca/shop/p/apotheca-scented-candles	https://images.squarespace-cdn.com/content/v1/6abad52803349b0b45a823de/1790644018266-BXBS90D22DT92E90FBMH/Apotheca-Candle-Purpura.jpg?format=1500w	https://images.squarespace-cdn.com/content/v1/6abad52803349b0b45a823de/1790644019356-3XOVF8DHUO4QGKDIMEQM/Apotheca-Candle-Vipera.jpg?format=1500w,https://images.squarespace-cdn.com/content/v1/6abad52803349b0b45a823de/1790644020407-HRV1Z42E3ZT7E7KKEFCN/Apotheca-Candle-Vitae.jpg?format=1500w,https://images.squarespace-cdn.com/content/v1/6abad52803349b0b45a823de/1790644021456-1D0JBY9VEHOQCLUS6GKA/Apotheca-insidiae-candle.jpg?format=1500w,https://images.squarespace-cdn.com/content/v1/6abad52803349b0b45a823de/68d9c575-6ae9-4472-9042-2dbe460f8ac5/apotheca-nigrum-tulipa-library.jpg?format=1500w	84.00 CAD		in stock	new	Apotheca	Home > Home Fragrance	Home & Garden > Decor > Home Fragrances > Candles
ApothecaVitae	6abb0f2ff1bc361a7cabf6a8	Apotheca Scented Candle, Vitae	Apotheca candle poured by hand in Grasse, France, in an amber apothecary jar: 240 g, about 50 hours, five scents. Ships across Canada and the US.	https://www.esotico.ca/shop/p/apotheca-scented-candles	https://images.squarespace-cdn.com/content/v1/6abad52803349b0b45a823de/1790644018266-BXBS90D22DT92E90FBMH/Apotheca-Candle-Purpura.jpg?format=1500w	https://images.squarespace-cdn.com/content/v1/6abad52803349b0b45a823de/1790644019356-3XOVF8DHUO4QGKDIMEQM/Apotheca-Candle-Vipera.jpg?format=1500w,https://images.squarespace-cdn.com/content/v1/6abad52803349b0b45a823de/1790644020407-HRV1Z42E3ZT7E7KKEFCN/Apotheca-Candle-Vitae.jpg?format=1500w,https://images.squarespace-cdn.com/content/v1/6abad52803349b0b45a823de/1790644021456-1D0JBY9VEHOQCLUS6GKA/Apotheca-insidiae-candle.jpg?format=1500w,https://images.squarespace-cdn.com/content/v1/6abad52803349b0b45a823de/68d9c575-6ae9-4472-9042-2dbe460f8ac5/apotheca-nigrum-tulipa-library.jpg?format=1500w	84.00 CAD		in stock	new	Apotheca	Home > Home Fragrance	Home & Garden > Decor > Home Fragrances > Candles
ApothecInsidiae	6abb0f2ff1bc361a7cabf6a8	Apotheca Scented Candle, Insidiae	Apotheca candle poured by hand in Grasse, France, in an amber apothecary jar: 240 g, about 50 hours, five scents. Ships across Canada and the US.	https://www.esotico.ca/shop/p/apotheca-scented-candles	https://images.squarespace-cdn.com/content/v1/6abad52803349b0b45a823de/1790644018266-BXBS90D22DT92E90FBMH/Apotheca-Candle-Purpura.jpg?format=1500w	https://images.squarespace-cdn.com/content/v1/6abad52803349b0b45a823de/1790644019356-3XOVF8DHUO4QGKDIMEQM/Apotheca-Candle-Vipera.jpg?format=1500w,https://images.squarespace-cdn.com/content/v1/6abad52803349b0b45a823de/1790644020407-HRV1Z42E3ZT7E7KKEFCN/Apotheca-Candle-Vitae.jpg?format=1500w,https://images.squarespace-cdn.com/content/v1/6abad52803349b0b45a823de/1790644021456-1D0JBY9VEHOQCLUS6GKA/Apotheca-insidiae-candle.jpg?format=1500w,https://images.squarespace-cdn.com/content/v1/6abad52803349b0b45a823de/68d9c575-6ae9-4472-9042-2dbe460f8ac5/apotheca-nigrum-tulipa-library.jpg?format=1500w	84.00 CAD		in stock	new	Apotheca	Home > Home Fragrance	Home & Garden > Decor > Home Fragrances > Candles
SAV100GRAPOTH	6abb0f28ee59385010a41a00	Apotheca Mam Saga Handmade Soap	Handmade bar soap by Apotheca Paris, made in Grasse: lavender and warm musk, 100 g. Ships across Canada and the US with tracking.	https://www.esotico.ca/shop/p/mam-saga-handmade-soap	https://images.squarespace-cdn.com/content/v1/6abad52803349b0b45a823de/1790644009900-0FBBO92O2VFAARJ8HACW/Apotheca-Bar-Soap.jpg?format=1500w	https://images.squarespace-cdn.com/content/v1/6abad52803349b0b45a823de/1790644011007-BXF49XRZ30TK1ZQRCE96/Apotheca-Bar-Soap-2.jpg?format=1500w,https://images.squarespace-cdn.com/content/v1/6abad52803349b0b45a823de/1790644012210-COP4V2J7EVIEVUHY9OPP/Apotheca-Bar-Soap-3.jpg?format=1500w,https://images.squarespace-cdn.com/content/v1/6abad52803349b0b45a823de/1790644013239-676X2V8PZCIRZPTX2V15/Apotheca-Bar-Soap-4.jpg?format=1500w,https://images.squarespace-cdn.com/content/v1/6abad52803349b0b45a823de/1790644014373-GWDV93LMJXO9LI58JHTB/Apotheca-Bar-Soap-6.jpg?format=1500w	18.00 CAD		in stock	new	Apotheca	Home > Home Fragrance	Health & Beauty > Personal Care > Cosmetics > Bath & Body > Bar Soap
SAVLIQ500ML-NL	6abb0f22cee48d5ed3f0392e	Apotheca Natural Liquid Soap, Nigrum Tulipa	Scented liquid soap by Apotheca Paris, made in Grasse from a vegetable base: four scents, 500 ml. Ships across Canada and the US with tracking.	https://www.esotico.ca/shop/p/apotheca-natural-liquid-soap	https://images.squarespace-cdn.com/content/v1/6abad52803349b0b45a823de/1790644003875-EGCFM95CM8SDKOPF5FJL/Apotheca-liquid-soap-nigrum-tulipa.jpg?format=1500w	https://images.squarespace-cdn.com/content/v1/6abad52803349b0b45a823de/1790644005017-I3SBNFGR9FJQC73AP08K/Apotheca-liquid-soap-purpura.jpg?format=1500w,https://images.squarespace-cdn.com/content/v1/6abad52803349b0b45a823de/1790644006146-CULJMW0HTAFQH6OF63CJ/Apotheca--liquid-soap-vitae.jpg?format=1500w,https://images.squarespace-cdn.com/content/v1/6abad52803349b0b45a823de/1790644007309-S2XEQO6R82IO0MLDB666/Apotheca-liquid-soap-mama-saga.jpg?format=1500w	29.00 CAD		in stock	new	Apotheca	Home > Home Fragrance	Health & Beauty > Personal Care > Cosmetics > Bath & Body > Liquid Hand Soap
SAVLIQ500ML-VT	6abb0f22cee48d5ed3f0392e	Apotheca Natural Liquid Soap, Vitae	Scented liquid soap by Apotheca Paris, made in Grasse from a vegetable base: four scents, 500 ml. Ships across Canada and the US with tracking.	https://www.esotico.ca/shop/p/apotheca-natural-liquid-soap	https://images.squarespace-cdn.com/content/v1/6abad52803349b0b45a823de/1790644003875-EGCFM95CM8SDKOPF5FJL/Apotheca-liquid-soap-nigrum-tulipa.jpg?format=1500w	https://images.squarespace-cdn.com/content/v1/6abad52803349b0b45a823de/1790644005017-I3SBNFGR9FJQC73AP08K/Apotheca-liquid-soap-purpura.jpg?format=1500w,https://images.squarespace-cdn.com/content/v1/6abad52803349b0b45a823de/1790644006146-CULJMW0HTAFQH6OF63CJ/Apotheca--liquid-soap-vitae.jpg?format=1500w,https://images.squarespace-cdn.com/content/v1/6abad52803349b0b45a823de/1790644007309-S2XEQO6R82IO0MLDB666/Apotheca-liquid-soap-mama-saga.jpg?format=1500w	29.00 CAD		in stock	new	Apotheca	Home > Home Fragrance	Health & Beauty > Personal Care > Cosmetics > Bath & Body > Liquid Hand Soap
SAVLIQ500ML-PR	6abb0f22cee48d5ed3f0392e	Apotheca Natural Liquid Soap, Purpura	Scented liquid soap by Apotheca Paris, made in Grasse from a vegetable base: four scents, 500 ml. Ships across Canada and the US with tracking.	https://www.esotico.ca/shop/p/apotheca-natural-liquid-soap	https://images.squarespace-cdn.com/content/v1/6abad52803349b0b45a823de/1790644003875-EGCFM95CM8SDKOPF5FJL/Apotheca-liquid-soap-nigrum-tulipa.jpg?format=1500w	https://images.squarespace-cdn.com/content/v1/6abad52803349b0b45a823de/1790644005017-I3SBNFGR9FJQC73AP08K/Apotheca-liquid-soap-purpura.jpg?format=1500w,https://images.squarespace-cdn.com/content/v1/6abad52803349b0b45a823de/1790644006146-CULJMW0HTAFQH6OF63CJ/Apotheca--liquid-soap-vitae.jpg?format=1500w,https://images.squarespace-cdn.com/content/v1/6abad52803349b0b45a823de/1790644007309-S2XEQO6R82IO0MLDB666/Apotheca-liquid-soap-mama-saga.jpg?format=1500w	29.00 CAD		in stock	new	Apotheca	Home > Home Fragrance	Health & Beauty > Personal Care > Cosmetics > Bath & Body > Liquid Hand Soap
SAVLIQ500ML-MS	6abb0f22cee48d5ed3f0392e	Apotheca Natural Liquid Soap, Mam Saga	Scented liquid soap by Apotheca Paris, made in Grasse from a vegetable base: four scents, 500 ml. Ships across Canada and the US with tracking.	https://www.esotico.ca/shop/p/apotheca-natural-liquid-soap	https://images.squarespace-cdn.com/content/v1/6abad52803349b0b45a823de/1790644003875-EGCFM95CM8SDKOPF5FJL/Apotheca-liquid-soap-nigrum-tulipa.jpg?format=1500w	https://images.squarespace-cdn.com/content/v1/6abad52803349b0b45a823de/1790644005017-I3SBNFGR9FJQC73AP08K/Apotheca-liquid-soap-purpura.jpg?format=1500w,https://images.squarespace-cdn.com/content/v1/6abad52803349b0b45a823de/1790644006146-CULJMW0HTAFQH6OF63CJ/Apotheca--liquid-soap-vitae.jpg?format=1500w,https://images.squarespace-cdn.com/content/v1/6abad52803349b0b45a823de/1790644007309-S2XEQO6R82IO0MLDB666/Apotheca-liquid-soap-mama-saga.jpg?format=1500w	29.00 CAD		in stock	new	Apotheca	Home > Home Fragrance	Health & Beauty > Personal Care > Cosmetics > Bath & Body > Liquid Hand Soap
CNDSTICKREFILL	6abb0f1ecee48d5ed3f0392d	Hypsoé Still Candlestick Refills – Box of 9	Nine replacement candles for Hypsoé's Still candlesticks, about 8 hours each, mineral and vegetal wax. Ships across Canada and the US.	https://www.esotico.ca/shop/p/box-of-9-candles-refills-for-still-candlesticks	https://images.squarespace-cdn.com/content/v1/6abad52803349b0b45a823de/fdf5bfce-888b-4302-97f6-3bb477bcb0b1/Refills-Hypsoe-CandleSticks-centred.jpg?format=1500w		32.99 CAD		out of stock	new	Hypsoé	Home > Home Fragrance	Home & Garden > Decor > Candle Holders
MAX08MNY	6abb0f1acee48d5ed3f03928	Baobab Collection My First Baobab Candle – Manhattan	Small Baobab Collection candle in art deco glass: lily of the valley, musk and pine. 8 cm, up to 40 hours. Ships across Canada and the US.	https://www.esotico.ca/shop/p/my-first-baobab-manhattan	https://images.squarespace-cdn.com/content/v1/6abad52803349b0b45a823de/c41da1c2-8513-4f3c-b52c-3e94cf5ab744/my-first-baobab-manhattan.jpg?format=1500w	https://images.squarespace-cdn.com/content/v1/6abad52803349b0b45a823de/1790643997925-I68XQ5DK77VXCGF4IJ5V/my-first-baobab-manhattan_lifestyle.jpg?format=1500w	70.00 CAD		in stock	new	Baobab Collection	Home > Home Fragrance	Home & Garden > Decor > Home Fragrances > Candles
MAX08MAU	6abb0f15cee48d5ed3f03922	Baobab Collection My First Baobab Candle – Aurum	Small Baobab Collection candle in golden glass: jasmine and musk. 8 cm, up to 40 hours. Ships across Canada and the US with tracking.	https://www.esotico.ca/shop/p/my-first-baobab-aurum	https://images.squarespace-cdn.com/content/v1/6abad52803349b0b45a823de/963e1d13-8e29-494d-a9ae-80c83c0707bc/my-first-baobab-aurum.jpg?format=1500w	https://images.squarespace-cdn.com/content/v1/6abad52803349b0b45a823de/1790643993308-WQJAG1WWTN3TAMQUA9OW/my-first-baobab-aurum_lifestyle.jpg?format=1500w	70.00 CAD		in stock	new	Baobab Collection	Home > Home Fragrance	Home & Garden > Decor > Home Fragrances > Candles
MAX08MPA	6abb0f10cee48d5ed3f03916	Baobab Collection My First Baobab Candle – Paris	Small Baobab Collection candle in pink and gold glass: linden and tulip. 8 cm, up to 40 hours. Ships across Canada and the US with tracking.	https://www.esotico.ca/shop/p/my-first-baobab-paris	https://images.squarespace-cdn.com/content/v1/6abad52803349b0b45a823de/40d9ece0-1db6-4e3a-a0f9-bd0a0ec52792/my-first-baobab-paris.jpg?format=1500w	https://images.squarespace-cdn.com/content/v1/6abad52803349b0b45a823de/1790643988147-SMDCBF4RX5EK7RZ0OYOF/my-first-baobab-paris_lifestyle.jpg?format=1500w	70.00 CAD		in stock	new	Baobab Collection	Home > Home Fragrance	Home & Garden > Decor > Home Fragrances > Candles
MAX08MPLA	6abb0f0bf1bc361a7cabf688	Baobab Collection My First Baobab Candle – Platinum	Small Baobab Collection candle with a platinum logo: grapefruit, amber and vetiver. 8 cm, up to 40 hours. Ships across Canada and the US.	https://www.esotico.ca/shop/p/my-first-baobab-platinum	https://images.squarespace-cdn.com/content/v1/6abad52803349b0b45a823de/ad3dae94-c159-4688-adde-9b333855622b/my-first-baobab-platinum.jpg?format=1500w	https://images.squarespace-cdn.com/content/v1/6abad52803349b0b45a823de/1790643983201-OYG3PIPGBIKAR3C2SHQ1/my-first-baobab-platinum_lifestyle.jpg?format=1500w	70.00 CAD		in stock	new	Baobab Collection	Home > Home Fragrance	Home & Garden > Decor > Home Fragrances > Candles
MAX08MCMI	6abb0f06ee59385010a419df	Baobab Collection My First Baobab Candle – Miami	Small Baobab Collection candle in pastel and gold glass: cypress and cedar. 8 cm, up to 40 hours. Ships across Canada and the US.	https://www.esotico.ca/shop/p/my-first-baobab-miami	https://images.squarespace-cdn.com/content/v1/6abad52803349b0b45a823de/197fe0f7-f23f-4439-8879-9c5f9da77ca6/my-first-baobab-miami.jpg?format=1500w	https://images.squarespace-cdn.com/content/v1/6abad52803349b0b45a823de/1790643978584-WA51MOBJ31IR43EIAEW8/my-first-baobab-cities-miami_1.jpg?format=1500w	70.00 CAD		in stock	new	Baobab Collection	Home > Home Fragrance	Home & Garden > Decor > Home Fragrances > Candles
MAX08MCOD	6abb0f02cee48d5ed3f03901	Baobab Collection My First Baobab Candle – Ocean Drive	Small Baobab Collection candle after Peter Halley's graphic art: mandarin and cedar. 8 cm, up to 40 hours. Ships across Canada and the US.	https://www.esotico.ca/shop/p/my-first-baobab-ocean-drive	https://images.squarespace-cdn.com/content/v1/6abad52803349b0b45a823de/01d3ec9a-c6cf-4d65-8bc4-b1db04c39fc5/my-first-baobab-ocean-drive.jpg?format=1500w	https://images.squarespace-cdn.com/content/v1/6abad52803349b0b45a823de/1790643974021-9C3TMJRZ0P9JXLCB9EB2/my-first-baobab-cities-ocean-drive_lifestyle.jpg?format=1500w	70.00 CAD		in stock	new	Baobab Collection	Home > Home Fragrance	Home & Garden > Decor > Home Fragrances > Candles
MAX08MBRU	6abb0efdcee48d5ed3f038fb	Baobab Collection My First Baobab Candle – Brussels	Small Baobab Collection candle in black and gold art nouveau glass: sandalwood, cypress, honey. 8 cm, up to 40 hours. Ships across Canada and the US.	https://www.esotico.ca/shop/p/my-first-baobab-brussels	https://images.squarespace-cdn.com/content/v1/6abad52803349b0b45a823de/d1a45bbe-ee32-4ee2-9283-5141f151d7a0/my-first-baobab-brussels.jpg?format=1500w	https://images.squarespace-cdn.com/content/v1/6abad52803349b0b45a823de/1790643969277-F0ND5WXFMYZB0DU7BL7D/my-first-baobab-brussels_lifestyle.jpg?format=1500w	70.00 CAD		in stock	new	Baobab Collection	Home > Home Fragrance	Home & Garden > Decor > Home Fragrances > Candles
MAX10RFA	6abb0ef7f1bc361a7cabf66c	Baobab Collection Rainforest Amazonia Scented Candle (Limited Edition), MAX 10	Limited-edition Baobab Collection candle in hand-blown opaline glass, each one unique: bergamot, green tea, Atlas cedar. Ships across Canada and the US.	https://www.esotico.ca/shop/p/rainforest-amazonia	https://images.squarespace-cdn.com/content/v1/6abad52803349b0b45a823de/1790643962583-3QUH247JTS3SFG7U822C/baobab-collection-rainforest-amazonia.jpg?format=1500w	https://images.squarespace-cdn.com/content/v1/6abad52803349b0b45a823de/1790643963674-CHNS77IGKEGFIC3OEXR8/rainforest-amazonia-MAX10.jpg?format=1500w,https://images.squarespace-cdn.com/content/v1/6abad52803349b0b45a823de/1790643964814-MAGZDCMATV8F1VLW7GF5/rainforest-amazonia-MAX16.jpg?format=1500w	140.00 CAD		in stock	new	Baobab Collection	Home > Home Fragrance	Home & Garden > Decor > Home Fragrances > Candles
MAX16RFA	6abb0ef7f1bc361a7cabf66c	Baobab Collection Rainforest Amazonia Scented Candle (Limited Edition), MAX 16	Limited-edition Baobab Collection candle in hand-blown opaline glass, each one unique: bergamot, green tea, Atlas cedar. Ships across Canada and the US.	https://www.esotico.ca/shop/p/rainforest-amazonia	https://images.squarespace-cdn.com/content/v1/6abad52803349b0b45a823de/1790643962583-3QUH247JTS3SFG7U822C/baobab-collection-rainforest-amazonia.jpg?format=1500w	https://images.squarespace-cdn.com/content/v1/6abad52803349b0b45a823de/1790643963674-CHNS77IGKEGFIC3OEXR8/rainforest-amazonia-MAX10.jpg?format=1500w,https://images.squarespace-cdn.com/content/v1/6abad52803349b0b45a823de/1790643964814-MAGZDCMATV8F1VLW7GF5/rainforest-amazonia-MAX16.jpg?format=1500w	190.00 CAD		in stock	new	Baobab Collection	Home > Home Fragrance	Home & Garden > Decor > Home Fragrances > Candles
20939	6abb0083d06c654358467dbd	Ethnicraft Graphite Curves Wooden Tray – Medium	Graphite Curves Wooden Tray, Medium by Ethnicraft, the Belgian design house. Ships across Canada and the US with tracking.	https://www.esotico.ca/shop/p/graphite-curves-wooden-tray-medium	https://images.squarespace-cdn.com/content/v1/6abad52803349b0b45a823de/1790640262721-WMVPP2XG8XDZUB9BO9E4/Ethnicraft_Graphic_Curves_Wooden_Tray_1.jpg?format=1500w	https://images.squarespace-cdn.com/content/v1/6abad52803349b0b45a823de/1790640263731-20LY1SQEKLNMPP17562W/Ethnicraft_Graphic_Curves_Wooden_Tray_2.jpg?format=1500w,https://images.squarespace-cdn.com/content/v1/6abad52803349b0b45a823de/1790640264886-MH7XE1X5P19XUQWYA4WI/Ethnicraft_Graphic_Curves_Wooden_Tray_3.jpg?format=1500w	202.00 CAD		in stock	new	Ethnicraft	Home > Home Décor	Home & Garden > Decor > Decorative Trays
MAX10AU	6abb007df1bc361a7cabe854	Baobab Collection Les Exclusives Aurum Scented Candle, MAX 10	Les Exclusives Aurum candle by Baobab Collection in gold glass: jasmine and musk. MAX 10 or MAX 16. Ships across Canada and the US.	https://www.esotico.ca/shop/p/les-exclusives-aurum	https://images.squarespace-cdn.com/content/v1/6abad52803349b0b45a823de/1790640256384-XQ3B8DSMD2MQ5UKAXA81/AurumGroupshot-BDF.jpg?format=1500w	https://images.squarespace-cdn.com/content/v1/6abad52803349b0b45a823de/1790640257570-DNGKLNJ7PS5JS1L8LSKX/Aurum-Max10-BDF.jpg?format=1500w,https://images.squarespace-cdn.com/content/v1/6abad52803349b0b45a823de/1790640259045-SXUUJXLDD4WJBBXVJM0X/Aurum-Max16-BDF.jpg?format=1500w	140.00 CAD		in stock	new	Baobab Collection	Home > Home Fragrance	Home & Garden > Decor > Home Fragrances > Candles
MAX16AU	6abb007df1bc361a7cabe854	Baobab Collection Les Exclusives Aurum Scented Candle, MAX 16	Les Exclusives Aurum candle by Baobab Collection in gold glass: jasmine and musk. MAX 10 or MAX 16. Ships across Canada and the US.	https://www.esotico.ca/shop/p/les-exclusives-aurum	https://images.squarespace-cdn.com/content/v1/6abad52803349b0b45a823de/1790640256384-XQ3B8DSMD2MQ5UKAXA81/AurumGroupshot-BDF.jpg?format=1500w	https://images.squarespace-cdn.com/content/v1/6abad52803349b0b45a823de/1790640257570-DNGKLNJ7PS5JS1L8LSKX/Aurum-Max10-BDF.jpg?format=1500w,https://images.squarespace-cdn.com/content/v1/6abad52803349b0b45a823de/1790640259045-SXUUJXLDD4WJBBXVJM0X/Aurum-Max16-BDF.jpg?format=1500w	190.00 CAD		in stock	new	Baobab Collection	Home > Home Fragrance	Home & Garden > Decor > Home Fragrances > Candles
21038	6abb0074d06c654358467da3	Ethnicraft Avana Chevron Cushion – Lumbar	Woven chevron lumbar cushion by Ethnicraft with a duck feather insert, 60 x 40 cm (24 x 16 in). Ships across Canada and the US.	https://www.esotico.ca/shop/p/avana-chevron-cushion-lumbar	https://images.squarespace-cdn.com/content/v1/6abad52803349b0b45a823de/1790640246952-VMR6FXEGYOYL0GXVGVY3/Ethnicraft_Ava_Chevron_Cushion_L_1.jpg?format=1500w	https://images.squarespace-cdn.com/content/v1/6abad52803349b0b45a823de/1790640248072-PSJKZ7IYO9347X9S2VW1/21036AvanaChevroncushion_21038AvanaChevroncushion_full_10cd6216-b8bd-41e0-84eb-f02e6b06347d.jpg?format=1500w,https://images.squarespace-cdn.com/content/v1/6abad52803349b0b45a823de/1790640249399-GIT2YSPHFT57LAV2JCK7/Ethnicraft_Ava_Chevron_Cushion_L_3.jpg?format=1500w,https://images.squarespace-cdn.com/content/v1/6abad52803349b0b45a823de/1790640251081-ZTRF8RDFHJ03UKWC3199/21036AvanaChevroncushion_21038AvanaChevroncushion_20233N701sofa2seaterdarkgrey_bb3e7cb6-453d-411c-a50e-167bd2497b75.jpg?format=1500w,https://images.squarespace-cdn.com/content/v1/6abad52803349b0b45a823de/1790640252336-IZEJCIYYF26A4ZTP9XBL/cushions_and_throws_detail_v_74bc1f99-ea6e-454d-8bef-246d8d965733.jpg?format=1500w	176.00 CAD		out of stock	new	Ethnicraft	Home > Home Décor	Home & Garden > Decor > Throw Pillows
HStickGoldTS	6abb0066f1bc361a7cabe83d	Hypsoé Still Table Candlesticks – Gold, 27.7cm, Shiny	Gold Still candlestick by Hypsoé: a hidden spring keeps the flame at the rim as the candle burns. Two heights, shiny or matte. Ships across Canada and the US.	https://www.esotico.ca/shop/p/gold-table-still-candlestick	https://images.squarespace-cdn.com/content/v1/6abad52803349b0b45a823de/1790640233638-9BBPBJEK4PG71SGABTMG/hypsoe-table-candlestick-still-gold_1.jpg?format=1500w	https://images.squarespace-cdn.com/content/v1/6abad52803349b0b45a823de/1790640234896-6R2HH13C8DDRD06N2NCC/Gold-Matt-Hypsoe-table-still-candle-stilck.jpg?format=1500w,https://images.squarespace-cdn.com/content/v1/6abad52803349b0b45a823de/1790640236009-W8KS8EIRYLM46IEQBTHJ/Small-Gold-Matt-Hypsoe-table-still-candle-stilck.jpg?format=1500w,https://images.squarespace-cdn.com/content/v1/6abad52803349b0b45a823de/1790640237226-4TCUJDC8KTQORA9EYER2/hypsoe-table-candlestick-still-gold.jpg?format=1500w,https://images.squarespace-cdn.com/content/v1/6abad52803349b0b45a823de/1790640238525-62PWLU4W80D6RQK9HZSO/Hypsoe-Table-Still-CandleSticks_LifeStyle.jpg?format=1500w,https://images.squarespace-cdn.com/content/v1/6abad52803349b0b45a823de/1790640239774-V4PXXO2609RJCS42XI9S/Hypsoe-bg-Table-Still-CandleSticks_LifeStyle.jpg?format=1500w	59.99 CAD		in stock	new	Hypsoé	Home > Home Fragrance	Home & Garden > Decor > Candle Holders
HCStickGoldTM	6abb0066f1bc361a7cabe83d	Hypsoé Still Table Candlesticks – Gold, 27.7cm, Matte	Gold Still candlestick by Hypsoé: a hidden spring keeps the flame at the rim as the candle burns. Two heights, shiny or matte. Ships across Canada and the US.	https://www.esotico.ca/shop/p/gold-table-still-candlestick	https://images.squarespace-cdn.com/content/v1/6abad52803349b0b45a823de/1790640233638-9BBPBJEK4PG71SGABTMG/hypsoe-table-candlestick-still-gold_1.jpg?format=1500w	https://images.squarespace-cdn.com/content/v1/6abad52803349b0b45a823de/1790640234896-6R2HH13C8DDRD06N2NCC/Gold-Matt-Hypsoe-table-still-candle-stilck.jpg?format=1500w,https://images.squarespace-cdn.com/content/v1/6abad52803349b0b45a823de/1790640236009-W8KS8EIRYLM46IEQBTHJ/Small-Gold-Matt-Hypsoe-table-still-candle-stilck.jpg?format=1500w,https://images.squarespace-cdn.com/content/v1/6abad52803349b0b45a823de/1790640237226-4TCUJDC8KTQORA9EYER2/hypsoe-table-candlestick-still-gold.jpg?format=1500w,https://images.squarespace-cdn.com/content/v1/6abad52803349b0b45a823de/1790640238525-62PWLU4W80D6RQK9HZSO/Hypsoe-Table-Still-CandleSticks_LifeStyle.jpg?format=1500w,https://images.squarespace-cdn.com/content/v1/6abad52803349b0b45a823de/1790640239774-V4PXXO2609RJCS42XI9S/Hypsoe-bg-Table-Still-CandleSticks_LifeStyle.jpg?format=1500w	59.99 CAD		out of stock	new	Hypsoé	Home > Home Fragrance	Home & Garden > Decor > Candle Holders
HCStickGoldSS	6abb0066f1bc361a7cabe83d	Hypsoé Still Table Candlesticks – Gold, 23.8cm, Shiny	Gold Still candlestick by Hypsoé: a hidden spring keeps the flame at the rim as the candle burns. Two heights, shiny or matte. Ships across Canada and the US.	https://www.esotico.ca/shop/p/gold-table-still-candlestick	https://images.squarespace-cdn.com/content/v1/6abad52803349b0b45a823de/1790640233638-9BBPBJEK4PG71SGABTMG/hypsoe-table-candlestick-still-gold_1.jpg?format=1500w	https://images.squarespace-cdn.com/content/v1/6abad52803349b0b45a823de/1790640234896-6R2HH13C8DDRD06N2NCC/Gold-Matt-Hypsoe-table-still-candle-stilck.jpg?format=1500w,https://images.squarespace-cdn.com/content/v1/6abad52803349b0b45a823de/1790640236009-W8KS8EIRYLM46IEQBTHJ/Small-Gold-Matt-Hypsoe-table-still-candle-stilck.jpg?format=1500w,https://images.squarespace-cdn.com/content/v1/6abad52803349b0b45a823de/1790640237226-4TCUJDC8KTQORA9EYER2/hypsoe-table-candlestick-still-gold.jpg?format=1500w,https://images.squarespace-cdn.com/content/v1/6abad52803349b0b45a823de/1790640238525-62PWLU4W80D6RQK9HZSO/Hypsoe-Table-Still-CandleSticks_LifeStyle.jpg?format=1500w,https://images.squarespace-cdn.com/content/v1/6abad52803349b0b45a823de/1790640239774-V4PXXO2609RJCS42XI9S/Hypsoe-bg-Table-Still-CandleSticks_LifeStyle.jpg?format=1500w	52.00 CAD		in stock	new	Hypsoé	Home > Home Fragrance	Home & Garden > Decor > Candle Holders
HCStickGoldSM	6abb0066f1bc361a7cabe83d	Hypsoé Still Table Candlesticks – Gold, 23.8cm, Matte	Gold Still candlestick by Hypsoé: a hidden spring keeps the flame at the rim as the candle burns. Two heights, shiny or matte. Ships across Canada and the US.	https://www.esotico.ca/shop/p/gold-table-still-candlestick	https://images.squarespace-cdn.com/content/v1/6abad52803349b0b45a823de/1790640233638-9BBPBJEK4PG71SGABTMG/hypsoe-table-candlestick-still-gold_1.jpg?format=1500w	https://images.squarespace-cdn.com/content/v1/6abad52803349b0b45a823de/1790640234896-6R2HH13C8DDRD06N2NCC/Gold-Matt-Hypsoe-table-still-candle-stilck.jpg?format=1500w,https://images.squarespace-cdn.com/content/v1/6abad52803349b0b45a823de/1790640236009-W8KS8EIRYLM46IEQBTHJ/Small-Gold-Matt-Hypsoe-table-still-candle-stilck.jpg?format=1500w,https://images.squarespace-cdn.com/content/v1/6abad52803349b0b45a823de/1790640237226-4TCUJDC8KTQORA9EYER2/hypsoe-table-candlestick-still-gold.jpg?format=1500w,https://images.squarespace-cdn.com/content/v1/6abad52803349b0b45a823de/1790640238525-62PWLU4W80D6RQK9HZSO/Hypsoe-Table-Still-CandleSticks_LifeStyle.jpg?format=1500w,https://images.squarespace-cdn.com/content/v1/6abad52803349b0b45a823de/1790640239774-V4PXXO2609RJCS42XI9S/Hypsoe-bg-Table-Still-CandleSticks_LifeStyle.jpg?format=1500w	52.00 CAD		in stock	new	Hypsoé	Home > Home Fragrance	Home & Garden > Decor > Candle Holders
ART0037	6abb0061d06c654358467d90	Evelyne Prélonge Faux Fur Throw – Chestnut	Faux fur throw by Evelyne Prélonge, fur-free and cruelty-free, 140 x 200 cm (55 x 79 in), in Chestnut. Ships across Canada and the US.	https://www.esotico.ca/shop/p/faux-fur-throw-chestnut	https://images.squarespace-cdn.com/content/v1/6abad52803349b0b45a823de/1790640228684-B0KF5UA6V1Z52RN61M07/Evelyne-Prelonge-faux-fur-throw-chestnut.jpg?format=1500w	https://images.squarespace-cdn.com/content/v1/6abad52803349b0b45a823de/1790640229956-1NEY8KCNQWRH28ZSF3M5/Evelyne-Prelonge-faux-fur-throw-chestnut_2.jpg?format=1500w	960.00 CAD	700.00 CAD	in stock	new	Evelyne Prélonge	Home > Home Décor	Home & Garden > Linens & Bedding > Bedding > Blankets
HAmbre	6abb0050cee48d5ed3f02a0a	Hypsoé Wooden and Concrete Candle Refills, Ambre	200 g scented candle refill for Hypsoé's wooden and concrete shells, about 40 hours, in eight scents. Made in France. Ships across Canada and the US.	https://www.esotico.ca/shop/p/wooden-and-concrete-candle-refills	https://images.squarespace-cdn.com/content/v1/6abad52803349b0b45a823de/091868c0-722c-49b4-9956-8d50dfc366c1/Hypsoe-Candle-Refill---Esotico-centred.jpg?format=1500w	https://images.squarespace-cdn.com/content/v1/6abad52803349b0b45a823de/1790640212404-5SUBFTI7GOXNZXYLL511/AMBRE.jpg?format=1500w,https://images.squarespace-cdn.com/content/v1/6abad52803349b0b45a823de/1790640214051-IBJCX8K9SK2LUFQ4VCE5/BOREAL.jpg?format=1500w,https://images.squarespace-cdn.com/content/v1/6abad52803349b0b45a823de/1790640215862-YBG5A55TKRGJIIT6X3UN/CACHEMIRE.jpg?format=1500w,https://images.squarespace-cdn.com/content/v1/6abad52803349b0b45a823de/1790640217961-FN3L4DD9E687LT411GEP/LOUNGE.jpg?format=1500w,https://images.squarespace-cdn.com/content/v1/6abad52803349b0b45a823de/1790640220262-CA8YASO8X84QX4J397BZ/ORJAUNE.jpg?format=1500w	41.99 CAD		in stock	new	Hypsoé	Home > Home Fragrance	Home & Garden > Decor > Home Fragrances
HBoreal	6abb0050cee48d5ed3f02a0a	Hypsoé Wooden and Concrete Candle Refills, Boreal	200 g scented candle refill for Hypsoé's wooden and concrete shells, about 40 hours, in eight scents. Made in France. Ships across Canada and the US.	https://www.esotico.ca/shop/p/wooden-and-concrete-candle-refills	https://images.squarespace-cdn.com/content/v1/6abad52803349b0b45a823de/091868c0-722c-49b4-9956-8d50dfc366c1/Hypsoe-Candle-Refill---Esotico-centred.jpg?format=1500w	https://images.squarespace-cdn.com/content/v1/6abad52803349b0b45a823de/1790640212404-5SUBFTI7GOXNZXYLL511/AMBRE.jpg?format=1500w,https://images.squarespace-cdn.com/content/v1/6abad52803349b0b45a823de/1790640214051-IBJCX8K9SK2LUFQ4VCE5/BOREAL.jpg?format=1500w,https://images.squarespace-cdn.com/content/v1/6abad52803349b0b45a823de/1790640215862-YBG5A55TKRGJIIT6X3UN/CACHEMIRE.jpg?format=1500w,https://images.squarespace-cdn.com/content/v1/6abad52803349b0b45a823de/1790640217961-FN3L4DD9E687LT411GEP/LOUNGE.jpg?format=1500w,https://images.squarespace-cdn.com/content/v1/6abad52803349b0b45a823de/1790640220262-CA8YASO8X84QX4J397BZ/ORJAUNE.jpg?format=1500w	41.99 CAD		in stock	new	Hypsoé	Home > Home Fragrance	Home & Garden > Decor > Home Fragrances
HCachemire	6abb0050cee48d5ed3f02a0a	Hypsoé Wooden and Concrete Candle Refills, Cachemire	200 g scented candle refill for Hypsoé's wooden and concrete shells, about 40 hours, in eight scents. Made in France. Ships across Canada and the US.	https://www.esotico.ca/shop/p/wooden-and-concrete-candle-refills	https://images.squarespace-cdn.com/content/v1/6abad52803349b0b45a823de/091868c0-722c-49b4-9956-8d50dfc366c1/Hypsoe-Candle-Refill---Esotico-centred.jpg?format=1500w	https://images.squarespace-cdn.com/content/v1/6abad52803349b0b45a823de/1790640212404-5SUBFTI7GOXNZXYLL511/AMBRE.jpg?format=1500w,https://images.squarespace-cdn.com/content/v1/6abad52803349b0b45a823de/1790640214051-IBJCX8K9SK2LUFQ4VCE5/BOREAL.jpg?format=1500w,https://images.squarespace-cdn.com/content/v1/6abad52803349b0b45a823de/1790640215862-YBG5A55TKRGJIIT6X3UN/CACHEMIRE.jpg?format=1500w,https://images.squarespace-cdn.com/content/v1/6abad52803349b0b45a823de/1790640217961-FN3L4DD9E687LT411GEP/LOUNGE.jpg?format=1500w,https://images.squarespace-cdn.com/content/v1/6abad52803349b0b45a823de/1790640220262-CA8YASO8X84QX4J397BZ/ORJAUNE.jpg?format=1500w	41.99 CAD		in stock	new	Hypsoé	Home > Home Fragrance	Home & Garden > Decor > Home Fragrances
HLounge	6abb0050cee48d5ed3f02a0a	Hypsoé Wooden and Concrete Candle Refills, Lounge	200 g scented candle refill for Hypsoé's wooden and concrete shells, about 40 hours, in eight scents. Made in France. Ships across Canada and the US.	https://www.esotico.ca/shop/p/wooden-and-concrete-candle-refills	https://images.squarespace-cdn.com/content/v1/6abad52803349b0b45a823de/091868c0-722c-49b4-9956-8d50dfc366c1/Hypsoe-Candle-Refill---Esotico-centred.jpg?format=1500w	https://images.squarespace-cdn.com/content/v1/6abad52803349b0b45a823de/1790640212404-5SUBFTI7GOXNZXYLL511/AMBRE.jpg?format=1500w,https://images.squarespace-cdn.com/content/v1/6abad52803349b0b45a823de/1790640214051-IBJCX8K9SK2LUFQ4VCE5/BOREAL.jpg?format=1500w,https://images.squarespace-cdn.com/content/v1/6abad52803349b0b45a823de/1790640215862-YBG5A55TKRGJIIT6X3UN/CACHEMIRE.jpg?format=1500w,https://images.squarespace-cdn.com/content/v1/6abad52803349b0b45a823de/1790640217961-FN3L4DD9E687LT411GEP/LOUNGE.jpg?format=1500w,https://images.squarespace-cdn.com/content/v1/6abad52803349b0b45a823de/1790640220262-CA8YASO8X84QX4J397BZ/ORJAUNE.jpg?format=1500w	41.99 CAD		in stock	new	Hypsoé	Home > Home Fragrance	Home & Garden > Decor > Home Fragrances
HOrJaune	6abb0050cee48d5ed3f02a0a	Hypsoé Wooden and Concrete Candle Refills, Or Jaune	200 g scented candle refill for Hypsoé's wooden and concrete shells, about 40 hours, in eight scents. Made in France. Ships across Canada and the US.	https://www.esotico.ca/shop/p/wooden-and-concrete-candle-refills	https://images.squarespace-cdn.com/content/v1/6abad52803349b0b45a823de/091868c0-722c-49b4-9956-8d50dfc366c1/Hypsoe-Candle-Refill---Esotico-centred.jpg?format=1500w	https://images.squarespace-cdn.com/content/v1/6abad52803349b0b45a823de/1790640212404-5SUBFTI7GOXNZXYLL511/AMBRE.jpg?format=1500w,https://images.squarespace-cdn.com/content/v1/6abad52803349b0b45a823de/1790640214051-IBJCX8K9SK2LUFQ4VCE5/BOREAL.jpg?format=1500w,https://images.squarespace-cdn.com/content/v1/6abad52803349b0b45a823de/1790640215862-YBG5A55TKRGJIIT6X3UN/CACHEMIRE.jpg?format=1500w,https://images.squarespace-cdn.com/content/v1/6abad52803349b0b45a823de/1790640217961-FN3L4DD9E687LT411GEP/LOUNGE.jpg?format=1500w,https://images.squarespace-cdn.com/content/v1/6abad52803349b0b45a823de/1790640220262-CA8YASO8X84QX4J397BZ/ORJAUNE.jpg?format=1500w	41.99 CAD		in stock	new	Hypsoé	Home > Home Fragrance	Home & Garden > Decor > Home Fragrances
HORrose	6abb0050cee48d5ed3f02a0a	Hypsoé Wooden and Concrete Candle Refills, Or Rose	200 g scented candle refill for Hypsoé's wooden and concrete shells, about 40 hours, in eight scents. Made in France. Ships across Canada and the US.	https://www.esotico.ca/shop/p/wooden-and-concrete-candle-refills	https://images.squarespace-cdn.com/content/v1/6abad52803349b0b45a823de/091868c0-722c-49b4-9956-8d50dfc366c1/Hypsoe-Candle-Refill---Esotico-centred.jpg?format=1500w	https://images.squarespace-cdn.com/content/v1/6abad52803349b0b45a823de/1790640212404-5SUBFTI7GOXNZXYLL511/AMBRE.jpg?format=1500w,https://images.squarespace-cdn.com/content/v1/6abad52803349b0b45a823de/1790640214051-IBJCX8K9SK2LUFQ4VCE5/BOREAL.jpg?format=1500w,https://images.squarespace-cdn.com/content/v1/6abad52803349b0b45a823de/1790640215862-YBG5A55TKRGJIIT6X3UN/CACHEMIRE.jpg?format=1500w,https://images.squarespace-cdn.com/content/v1/6abad52803349b0b45a823de/1790640217961-FN3L4DD9E687LT411GEP/LOUNGE.jpg?format=1500w,https://images.squarespace-cdn.com/content/v1/6abad52803349b0b45a823de/1790640220262-CA8YASO8X84QX4J397BZ/ORJAUNE.jpg?format=1500w	41.99 CAD		in stock	new	Hypsoé	Home > Home Fragrance	Home & Garden > Decor > Home Fragrances
HBourban	6abb0050cee48d5ed3f02a0a	Hypsoé Wooden and Concrete Candle Refills, Thé Bourbon	200 g scented candle refill for Hypsoé's wooden and concrete shells, about 40 hours, in eight scents. Made in France. Ships across Canada and the US.	https://www.esotico.ca/shop/p/wooden-and-concrete-candle-refills	https://images.squarespace-cdn.com/content/v1/6abad52803349b0b45a823de/091868c0-722c-49b4-9956-8d50dfc366c1/Hypsoe-Candle-Refill---Esotico-centred.jpg?format=1500w	https://images.squarespace-cdn.com/content/v1/6abad52803349b0b45a823de/1790640212404-5SUBFTI7GOXNZXYLL511/AMBRE.jpg?format=1500w,https://images.squarespace-cdn.com/content/v1/6abad52803349b0b45a823de/1790640214051-IBJCX8K9SK2LUFQ4VCE5/BOREAL.jpg?format=1500w,https://images.squarespace-cdn.com/content/v1/6abad52803349b0b45a823de/1790640215862-YBG5A55TKRGJIIT6X3UN/CACHEMIRE.jpg?format=1500w,https://images.squarespace-cdn.com/content/v1/6abad52803349b0b45a823de/1790640217961-FN3L4DD9E687LT411GEP/LOUNGE.jpg?format=1500w,https://images.squarespace-cdn.com/content/v1/6abad52803349b0b45a823de/1790640220262-CA8YASO8X84QX4J397BZ/ORJAUNE.jpg?format=1500w	41.99 CAD		in stock	new	Hypsoé	Home > Home Fragrance	Home & Garden > Decor > Home Fragrances
HVelvet	6abb0050cee48d5ed3f02a0a	Hypsoé Wooden and Concrete Candle Refills, Velvet	200 g scented candle refill for Hypsoé's wooden and concrete shells, about 40 hours, in eight scents. Made in France. Ships across Canada and the US.	https://www.esotico.ca/shop/p/wooden-and-concrete-candle-refills	https://images.squarespace-cdn.com/content/v1/6abad52803349b0b45a823de/091868c0-722c-49b4-9956-8d50dfc366c1/Hypsoe-Candle-Refill---Esotico-centred.jpg?format=1500w	https://images.squarespace-cdn.com/content/v1/6abad52803349b0b45a823de/1790640212404-5SUBFTI7GOXNZXYLL511/AMBRE.jpg?format=1500w,https://images.squarespace-cdn.com/content/v1/6abad52803349b0b45a823de/1790640214051-IBJCX8K9SK2LUFQ4VCE5/BOREAL.jpg?format=1500w,https://images.squarespace-cdn.com/content/v1/6abad52803349b0b45a823de/1790640215862-YBG5A55TKRGJIIT6X3UN/CACHEMIRE.jpg?format=1500w,https://images.squarespace-cdn.com/content/v1/6abad52803349b0b45a823de/1790640217961-FN3L4DD9E687LT411GEP/LOUNGE.jpg?format=1500w,https://images.squarespace-cdn.com/content/v1/6abad52803349b0b45a823de/1790640220262-CA8YASO8X84QX4J397BZ/ORJAUNE.jpg?format=1500w	41.99 CAD		in stock	new	Hypsoé	Home > Home Fragrance	Home & Garden > Decor > Home Fragrances
